[{"model": "admin.logentry", "pk": 1, "fields": {"action_time": "2025-03-21T03:09:12.879Z", "user": 1, "content_type": 4, "object_id": "1", "object_repr": "superuser", "action_flag": 2, "change_message": "[{\"changed\": {\"fields\": [\"First name\", \"Last name\"]}}]"}}, {"model": "admin.logentry", "pk": 2, "fields": {"action_time": "2025-03-21T03:16:11.861Z", "user": 1, "content_type": 4, "object_id": "2", "object_repr": "naykary", "action_flag": 1, "change_message": "[{\"added\": {}}]"}}, {"model": "admin.logentry", "pk": 3, "fields": {"action_time": "2025-03-21T03:16:39.902Z", "user": 1, "content_type": 4, "object_id": "2", "object_repr": "naykary", "action_flag": 2, "change_message": "[{\"changed\": {\"fields\": [\"First name\", \"Last name\"]}}]"}}, {"model": "admin.logentry", "pk": 4, "fields": {"action_time": "2025-05-02T15:31:24.854Z", "user": 3, "content_type": 16, "object_id": "1", "object_repr": "ABIGAIL ABARCA (Child Test)", "action_flag": 1, "change_message": "[{\"added\": {}}]"}}, {"model": "admin.logentry", "pk": 5, "fields": {"action_time": "2025-05-24T22:59:03.401Z", "user": 3, "content_type": 30, "object_id": "1", "object_repr": "EV-202505 - Male (2025-05-31)", "action_flag": 1, "change_message": "[{\"added\": {}}]"}}, {"model": "admin.logentry", "pk": 6, "fields": {"action_time": "2025-05-24T23:00:01.379Z", "user": 3, "content_type": 29, "object_id": "1", "object_repr": "WASHINGTON RODRIGUEZ", "action_flag": 1, "change_message": "[{\"added\": {}}]"}}, {"model": "admin.logentry", "pk": 7, "fields": {"action_time": "2025-05-24T23:01:32.795Z", "user": 3, "content_type": 29, "object_id": "2", "object_repr": "PAUL MASACHE", "action_flag": 1, "change_message": "[{\"added\": {}}]"}}, {"model": "admin.logentry", "pk": 8, "fields": {"action_time": "2025-05-24T23:02:06.895Z", "user": 3, "content_type": 29, "object_id": "3", "object_repr": "DANNY FREITES", "action_flag": 1, "change_message": "[{\"added\": {}}]"}}, {"model": "admin.logentry", "pk": 9, "fields": {"action_time": "2025-05-24T23:02:42.578Z", "user": 3, "content_type": 29, "object_id": "4", "object_repr": "WLADIMIR CASTELLANOS", "action_flag": 1, "change_message": "[{\"added\": {}}]"}}, {"model": "admin.logentry", "pk": 10, "fields": {"action_time": "2025-05-24T23:02:55.503Z", "user": 3, "content_type": 29, "object_id": "3", "object_repr": "DANNY FREITES", "action_flag": 2, "change_message": "[]"}}, {"model": "admin.logentry", "pk": 11, "fields": {"action_time": "2025-07-26T15:28:47.558Z", "user": 4, "content_type": 3, "object_id": "1", "object_repr": "Administradores", "action_flag": 1, "change_message": "[{\"added\": {}}]"}}, {"model": "admin.logentry", "pk": 12, "fields": {"action_time": "2025-07-26T15:29:03.261Z", "user": 4, "content_type": 3, "object_id": "1", "object_repr": "Administradores", "action_flag": 2, "change_message": "[]"}}, {"model": "admin.logentry", "pk": 13, "fields": {"action_time": "2025-07-26T15:31:37.345Z", "user": 4, "content_type": 3, "object_id": "2", "object_repr": "Maestros", "action_flag": 1, "change_message": "[{\"added\": {}}]"}}, {"model": "admin.logentry", "pk": 14, "fields": {"action_time": "2025-07-26T15:36:34.706Z", "user": 4, "content_type": 4, "object_id": "5", "object_repr": "gjacome", "action_flag": 1, "change_message": "[{\"added\": {}}]"}}, {"model": "admin.logentry", "pk": 15, "fields": {"action_time": "2025-07-26T15:38:36.707Z", "user": 4, "content_type": 4, "object_id": "6", "object_repr": "belymoreno", "action_flag": 1, "change_message": "[{\"added\": {}}]"}}, {"model": "admin.logentry", "pk": 16, "fields": {"action_time": "2025-07-26T15:39:34.557Z", "user": 4, "content_type": 4, "object_id": "7", "object_repr": "charlyds", "action_flag": 1, "change_message": "[{\"added\": {}}]"}}, {"model": "admin.logentry", "pk": 17, "fields": {"action_time": "2025-07-26T15:40:06.017Z", "user": 4, "content_type": 4, "object_id": "8", "object_repr": "dacurio", "action_flag": 1, "change_message": "[{\"added\": {}}]"}}, {"model": "admin.logentry", "pk": 18, "fields": {"action_time": "2025-07-26T15:40:44.525Z", "user": 4, "content_type": 4, "object_id": "9", "object_repr": "jzambrano", "action_flag": 1, "change_message": "[{\"added\": {}}]"}}, {"model": "admin.logentry", "pk": 19, "fields": {"action_time": "2025-07-26T15:41:27.637Z", "user": 4, "content_type": 4, "object_id": "10", "object_repr": "jcherrera", "action_flag": 1, "change_message": "[{\"added\": {}}]"}}, {"model": "admin.logentry", "pk": 20, "fields": {"action_time": "2025-07-26T15:42:01.455Z", "user": 4, "content_type": 4, "object_id": "11", "object_repr": "lecordova", "action_flag": 1, "change_message": "[{\"added\": {}}]"}}, {"model": "admin.logentry", "pk": 21, "fields": {"action_time": "2025-07-26T15:42:57.856Z", "user": 4, "content_type": 4, "object_id": "12", "object_repr": "mtroya", "action_flag": 1, "change_message": "[{\"added\": {}}]"}}, {"model": "admin.logentry", "pk": 22, "fields": {"action_time": "2025-07-26T15:43:28.841Z", "user": 4, "content_type": 4, "object_id": "13", "object_repr": "svillarreal", "action_flag": 1, "change_message": "[{\"added\": {}}]"}}, {"model": "admin.logentry", "pk": 23, "fields": {"action_time": "2025-07-26T15:43:51.203Z", "user": 4, "content_type": 4, "object_id": "14", "object_repr": "scuenca", "action_flag": 1, "change_message": "[{\"added\": {}}]"}}, {"model": "admin.logentry", "pk": 24, "fields": {"action_time": "2025-07-26T15:44:46.538Z", "user": 4, "content_type": 4, "object_id": "15", "object_repr": "pmasache", "action_flag": 1, "change_message": "[{\"added\": {}}]"}}, {"model": "admin.logentry", "pk": 25, "fields": {"action_time": "2025-07-26T21:18:54.808Z", "user": 3, "content_type": 25, "object_id": "3", "object_repr": "DARIO ACURIO", "action_flag": 2, "change_message": "[{\"changed\": {\"fields\": [\"User account\"]}}]"}}, {"model": "admin.logentry", "pk": 26, "fields": {"action_time": "2025-07-26T21:19:20.206Z", "user": 3, "content_type": 25, "object_id": "8", "object_repr": "EDUARDO CORDOVA", "action_flag": 2, "change_message": "[{\"changed\": {\"fields\": [\"User account\"]}}]"}}, {"model": "admin.logentry", "pk": 27, "fields": {"action_time": "2025-07-26T21:19:28.455Z", "user": 3, "content_type": 25, "object_id": "7", "object_repr": "JULIO HERRERA", "action_flag": 2, "change_message": "[{\"changed\": {\"fields\": [\"User account\"]}}]"}}, {"model": "admin.logentry", "pk": 28, "fields": {"action_time": "2025-07-26T21:19:36.318Z", "user": 3, "content_type": 25, "object_id": "9", "object_repr": "GEOVANNY JACOME", "action_flag": 2, "change_message": "[{\"changed\": {\"fields\": [\"User account\"]}}]"}}, {"model": "admin.logentry", "pk": 29, "fields": {"action_time": "2025-07-26T21:19:56.139Z", "user": 3, "content_type": 25, "object_id": "4", "object_repr": "PAUL MASACHE", "action_flag": 2, "change_message": "[{\"changed\": {\"fields\": [\"User account\"]}}]"}}, {"model": "admin.logentry", "pk": 30, "fields": {"action_time": "2025-07-26T21:20:06.687Z", "user": 3, "content_type": 25, "object_id": "6", "object_repr": "BELY MORENO", "action_flag": 2, "change_message": "[{\"changed\": {\"fields\": [\"User account\"]}}]"}}, {"model": "admin.logentry", "pk": 31, "fields": {"action_time": "2025-07-26T21:20:21.786Z", "user": 3, "content_type": 25, "object_id": "1", "object_repr": "WASHINGTON RODR═GUEZ", "action_flag": 2, "change_message": "[{\"changed\": {\"fields\": [\"User account\"]}}]"}}, {"model": "admin.logentry", "pk": 32, "fields": {"action_time": "2025-07-26T21:20:29.119Z", "user": 3, "content_type": 25, "object_id": "5", "object_repr": "MARCO TROYA", "action_flag": 2, "change_message": "[{\"changed\": {\"fields\": [\"User account\"]}}]"}}, {"model": "admin.logentry", "pk": 33, "fields": {"action_time": "2025-07-26T21:20:42.193Z", "user": 3, "content_type": 25, "object_id": "2", "object_repr": "SARITA VILLAREAL", "action_flag": 2, "change_message": "[{\"changed\": {\"fields\": [\"User account\"]}}]"}}, {"model": "admin.logentry", "pk": 34, "fields": {"action_time": "2025-07-26T21:29:36.557Z", "user": 3, "content_type": 4, "object_id": "5", "object_repr": "gjacome", "action_flag": 2, "change_message": "[{\"changed\": {\"fields\": [\"password\"]}}]"}}, {"model": "admin.logentry", "pk": 35, "fields": {"action_time": "2025-07-26T23:56:20.656Z", "user": 4, "content_type": 3, "object_id": "3", "object_repr": "Cunakids", "action_flag": 1, "change_message": "[{\"added\": {}}]"}}, {"model": "admin.logentry", "pk": 36, "fields": {"action_time": "2025-07-26T23:57:18.246Z", "user": 4, "content_type": 3, "object_id": "4", "object_repr": "Pusukids", "action_flag": 1, "change_message": "[{\"added\": {}}]"}}, {"model": "admin.logentry", "pk": 37, "fields": {"action_time": "2025-07-26T23:58:13.016Z", "user": 4, "content_type": 3, "object_id": "5", "object_repr": "Alabanza", "action_flag": 1, "change_message": "[{\"added\": {}}]"}}, {"model": "admin.logentry", "pk": 38, "fields": {"action_time": "2025-07-26T23:58:36.020Z", "user": 4, "content_type": 3, "object_id": "6", "object_repr": "Anfitriones", "action_flag": 1, "change_message": "[{\"added\": {}}]"}}, {"model": "admin.logentry", "pk": 39, "fields": {"action_time": "2025-07-26T23:59:40.237Z", "user": 4, "content_type": 3, "object_id": "7", "object_repr": "Encuentros", "action_flag": 1, "change_message": "[{\"added\": {}}]"}}, {"model": "admin.logentry", "pk": 40, "fields": {"action_time": "2025-07-27T00:02:15.931Z", "user": 4, "content_type": 4, "object_id": "2", "object_repr": "naykary", "action_flag": 2, "change_message": "[{\"changed\": {\"fields\": [\"Groups\", \"User permissions\"]}}]"}}, {"model": "admin.logentry", "pk": 41, "fields": {"action_time": "2025-07-27T00:04:23.352Z", "user": 4, "content_type": 4, "object_id": "5", "object_repr": "gjacome", "action_flag": 2, "change_message": "[{\"changed\": {\"fields\": [\"User permissions\"]}}]"}}, {"model": "admin.logentry", "pk": 42, "fields": {"action_time": "2025-07-27T00:06:10.696Z", "user": 4, "content_type": 4, "object_id": "13", "object_repr": "svillarreal", "action_flag": 2, "change_message": "[{\"changed\": {\"fields\": [\"User permissions\"]}}]"}}, {"model": "admin.logentry", "pk": 43, "fields": {"action_time": "2025-07-27T00:07:20.432Z", "user": 4, "content_type": 4, "object_id": "5", "object_repr": "gjacome", "action_flag": 2, "change_message": "[{\"changed\": {\"fields\": [\"User permissions\"]}}]"}}, {"model": "admin.logentry", "pk": 44, "fields": {"action_time": "2025-07-27T00:08:26.097Z", "user": 4, "content_type": 4, "object_id": "15", "object_repr": "pmasache", "action_flag": 2, "change_message": "[{\"changed\": {\"fields\": [\"User permissions\"]}}]"}}, {"model": "admin.logentry", "pk": 45, "fields": {"action_time": "2025-07-27T00:08:55.452Z", "user": 4, "content_type": 4, "object_id": "14", "object_repr": "scuenca", "action_flag": 2, "change_message": "[{\"changed\": {\"fields\": [\"User permissions\"]}}]"}}, {"model": "admin.logentry", "pk": 46, "fields": {"action_time": "2025-07-27T00:09:19.808Z", "user": 4, "content_type": 4, "object_id": "12", "object_repr": "mtroya", "action_flag": 2, "change_message": "[{\"changed\": {\"fields\": [\"User permissions\"]}}]"}}, {"model": "admin.logentry", "pk": 47, "fields": {"action_time": "2025-07-27T00:09:49.869Z", "user": 4, "content_type": 4, "object_id": "11", "object_repr": "lecordova", "action_flag": 2, "change_message": "[{\"changed\": {\"fields\": [\"User permissions\"]}}]"}}, {"model": "admin.logentry", "pk": 48, "fields": {"action_time": "2025-07-27T00:09:55.793Z", "user": 4, "content_type": 4, "object_id": "11", "object_repr": "lecordova", "action_flag": 2, "change_message": "[]"}}, {"model": "admin.logentry", "pk": 49, "fields": {"action_time": "2025-07-27T00:10:16.458Z", "user": 4, "content_type": 4, "object_id": "10", "object_repr": "jcherrera", "action_flag": 2, "change_message": "[{\"changed\": {\"fields\": [\"User permissions\"]}}]"}}, {"model": "admin.logentry", "pk": 50, "fields": {"action_time": "2025-07-27T00:10:36.895Z", "user": 4, "content_type": 4, "object_id": "8", "object_repr": "dacurio", "action_flag": 2, "change_message": "[{\"changed\": {\"fields\": [\"User permissions\"]}}]"}}, {"model": "admin.logentry", "pk": 51, "fields": {"action_time": "2025-07-27T00:11:08.388Z", "user": 4, "content_type": 4, "object_id": "7", "object_repr": "charlyds", "action_flag": 2, "change_message": "[{\"changed\": {\"fields\": [\"User permissions\"]}}]"}}, {"model": "admin.logentry", "pk": 52, "fields": {"action_time": "2025-07-27T00:11:29.647Z", "user": 4, "content_type": 4, "object_id": "6", "object_repr": "belymoreno", "action_flag": 2, "change_message": "[{\"changed\": {\"fields\": [\"User permissions\"]}}]"}}, {"model": "admin.logentry", "pk": 53, "fields": {"action_time": "2025-07-27T00:13:35.914Z", "user": 4, "content_type": 4, "object_id": "16", "object_repr": "eante", "action_flag": 1, "change_message": "[{\"added\": {}}]"}}, {"model": "admin.logentry", "pk": 54, "fields": {"action_time": "2025-07-27T00:14:06.484Z", "user": 4, "content_type": 4, "object_id": "16", "object_repr": "eante", "action_flag": 2, "change_message": "[]"}}, {"model": "admin.logentry", "pk": 55, "fields": {"action_time": "2025-07-27T00:15:37.575Z", "user": 4, "content_type": 4, "object_id": "17", "object_repr": "vcruz", "action_flag": 1, "change_message": "[{\"added\": {}}]"}}, {"model": "admin.logentry", "pk": 56, "fields": {"action_time": "2025-07-27T00:17:10.140Z", "user": 4, "content_type": 4, "object_id": "14", "object_repr": "scuenca", "action_flag": 2, "change_message": "[{\"changed\": {\"fields\": [\"Groups\", \"User permissions\"]}}]"}}, {"model": "admin.logentry", "pk": 57, "fields": {"action_time": "2025-07-27T01:13:19.911Z", "user": 4, "content_type": 21, "object_id": "3", "object_repr": "VIVIANA CRUZ", "action_flag": 2, "change_message": "[{\"changed\": {\"fields\": [\"User account\"]}}]"}}, {"model": "admin.logentry", "pk": 58, "fields": {"action_time": "2025-07-27T01:13:38.292Z", "user": 4, "content_type": 21, "object_id": "1", "object_repr": "SUSANA CUENCA", "action_flag": 2, "change_message": "[{\"changed\": {\"fields\": [\"User account\"]}}]"}}, {"model": "admin.logentry", "pk": 59, "fields": {"action_time": "2025-07-27T02:21:37.289Z", "user": 4, "content_type": 4, "object_id": "17", "object_repr": "vcruz", "action_flag": 2, "change_message": "[]"}}, {"model": "admin.logentry", "pk": 60, "fields": {"action_time": "2025-07-27T02:23:11.870Z", "user": 4, "content_type": 4, "object_id": "17", "object_repr": "vcruz", "action_flag": 2, "change_message": "[{\"changed\": {\"fields\": [\"password\"]}}]"}}, {"model": "admin.logentry", "pk": 61, "fields": {"action_time": "2025-07-27T02:23:56.007Z", "user": 4, "content_type": 4, "object_id": "14", "object_repr": "scuenca", "action_flag": 2, "change_message": "[{\"changed\": {\"fields\": [\"password\"]}}]"}}, {"model": "admin.logentry", "pk": 62, "fields": {"action_time": "2025-07-27T03:17:46.434Z", "user": 4, "content_type": 3, "object_id": "3", "object_repr": "cunakids_staff", "action_flag": 2, "change_message": "[{\"changed\": {\"fields\": [\"Name\"]}}]"}}, {"model": "admin.logentry", "pk": 63, "fields": {"action_time": "2025-07-27T03:18:02.744Z", "user": 4, "content_type": 3, "object_id": "4", "object_repr": "pusukids_staff", "action_flag": 2, "change_message": "[{\"changed\": {\"fields\": [\"Name\"]}}]"}}, {"model": "admin.logentry", "pk": 64, "fields": {"action_time": "2025-07-27T03:18:14.655Z", "user": 4, "content_type": 3, "object_id": "7", "object_repr": "Encuentros", "action_flag": 2, "change_message": "[]"}}, {"model": "admin.logentry", "pk": 65, "fields": {"action_time": "2025-08-05T01:42:21.997Z", "user": 3, "content_type": 3, "object_id": "8", "object_repr": "jap_staff", "action_flag": 1, "change_message": "[{\"added\": {}}]"}}, {"model": "admin.logentry", "pk": 66, "fields": {"action_time": "2025-08-05T01:43:56.855Z", "user": 3, "content_type": 4, "object_id": "18", "object_repr": "jherrerat", "action_flag": 1, "change_message": "[{\"added\": {}}]"}}, {"model": "admin.logentry", "pk": 67, "fields": {"action_time": "2025-08-05T01:46:26.450Z", "user": 3, "content_type": 4, "object_id": "18", "object_repr": "jherrerat", "action_flag": 2, "change_message": "[{\"changed\": {\"fields\": [\"password\"]}}]"}}, {"model": "admin.logentry", "pk": 68, "fields": {"action_time": "2025-08-06T02:43:16.958Z", "user": 3, "content_type": 3, "object_id": "9", "object_repr": "pequekids", "action_flag": 1, "change_message": "[{\"added\": {}}]"}}, {"model": "admin.logentry", "pk": 69, "fields": {"action_time": "2025-08-06T02:45:14.452Z", "user": 3, "content_type": 3, "object_id": "9", "object_repr": "pequekids_staff", "action_flag": 2, "change_message": "[{\"changed\": {\"fields\": [\"Name\"]}}]"}}, {"model": "admin.logentry", "pk": 70, "fields": {"action_time": "2025-08-06T02:46:19.946Z", "user": 3, "content_type": 4, "object_id": "14", "object_repr": "scuenca", "action_flag": 2, "change_message": "[{\"changed\": {\"fields\": [\"Groups\", \"User permissions\"]}}]"}}, {"model": "admin.logentry", "pk": 71, "fields": {"action_time": "2025-08-06T02:48:41.890Z", "user": 3, "content_type": 4, "object_id": "3", "object_repr": "wrodriguez", "action_flag": 2, "change_message": "[{\"changed\": {\"fields\": [\"Groups\", \"First name\", \"Last name\"]}}]"}}, {"model": "auth.permission", "pk": 1, "fields": {"name": "Can add log entry", "content_type": 1, "codename": "add_logentry"}}, {"model": "auth.permission", "pk": 2, "fields": {"name": "Can change log entry", "content_type": 1, "codename": "change_logentry"}}, {"model": "auth.permission", "pk": 3, "fields": {"name": "Can delete log entry", "content_type": 1, "codename": "delete_logentry"}}, {"model": "auth.permission", "pk": 4, "fields": {"name": "Can view log entry", "content_type": 1, "codename": "view_logentry"}}, {"model": "auth.permission", "pk": 5, "fields": {"name": "Can add permission", "content_type": 2, "codename": "add_permission"}}, {"model": "auth.permission", "pk": 6, "fields": {"name": "Can change permission", "content_type": 2, "codename": "change_permission"}}, {"model": "auth.permission", "pk": 7, "fields": {"name": "Can delete permission", "content_type": 2, "codename": "delete_permission"}}, {"model": "auth.permission", "pk": 8, "fields": {"name": "Can view permission", "content_type": 2, "codename": "view_permission"}}, {"model": "auth.permission", "pk": 9, "fields": {"name": "Can add group", "content_type": 3, "codename": "add_group"}}, {"model": "auth.permission", "pk": 10, "fields": {"name": "Can change group", "content_type": 3, "codename": "change_group"}}, {"model": "auth.permission", "pk": 11, "fields": {"name": "Can delete group", "content_type": 3, "codename": "delete_group"}}, {"model": "auth.permission", "pk": 12, "fields": {"name": "Can view group", "content_type": 3, "codename": "view_group"}}, {"model": "auth.permission", "pk": 13, "fields": {"name": "Can add user", "content_type": 4, "codename": "add_user"}}, {"model": "auth.permission", "pk": 14, "fields": {"name": "Can change user", "content_type": 4, "codename": "change_user"}}, {"model": "auth.permission", "pk": 15, "fields": {"name": "Can delete user", "content_type": 4, "codename": "delete_user"}}, {"model": "auth.permission", "pk": 16, "fields": {"name": "Can view user", "content_type": 4, "codename": "view_user"}}, {"model": "auth.permission", "pk": 17, "fields": {"name": "Can add content type", "content_type": 5, "codename": "add_contenttype"}}, {"model": "auth.permission", "pk": 18, "fields": {"name": "Can change content type", "content_type": 5, "codename": "change_contenttype"}}, {"model": "auth.permission", "pk": 19, "fields": {"name": "Can delete content type", "content_type": 5, "codename": "delete_contenttype"}}, {"model": "auth.permission", "pk": 20, "fields": {"name": "Can view content type", "content_type": 5, "codename": "view_contenttype"}}, {"model": "auth.permission", "pk": 21, "fields": {"name": "Can add session", "content_type": 6, "codename": "add_session"}}, {"model": "auth.permission", "pk": 22, "fields": {"name": "Can change session", "content_type": 6, "codename": "change_session"}}, {"model": "auth.permission", "pk": 23, "fields": {"name": "Can delete session", "content_type": 6, "codename": "delete_session"}}, {"model": "auth.permission", "pk": 24, "fields": {"name": "Can view session", "content_type": 6, "codename": "view_session"}}, {"model": "auth.permission", "pk": 25, "fields": {"name": "Can add kid", "content_type": 7, "codename": "add_kid"}}, {"model": "auth.permission", "pk": 26, "fields": {"name": "Can change kid", "content_type": 7, "codename": "change_kid"}}, {"model": "auth.permission", "pk": 27, "fields": {"name": "Can delete kid", "content_type": 7, "codename": "delete_kid"}}, {"model": "auth.permission", "pk": 28, "fields": {"name": "Can view kid", "content_type": 7, "codename": "view_kid"}}, {"model": "auth.permission", "pk": 29, "fields": {"name": "Can add groupage", "content_type": 8, "codename": "add_groupage"}}, {"model": "auth.permission", "pk": 30, "fields": {"name": "Can change groupage", "content_type": 8, "codename": "change_groupage"}}, {"model": "auth.permission", "pk": 31, "fields": {"name": "Can delete groupage", "content_type": 8, "codename": "delete_groupage"}}, {"model": "auth.permission", "pk": 32, "fields": {"name": "Can view groupage", "content_type": 8, "codename": "view_groupage"}}, {"model": "auth.permission", "pk": 33, "fields": {"name": "Can add server", "content_type": 9, "codename": "add_server"}}, {"model": "auth.permission", "pk": 34, "fields": {"name": "Can change server", "content_type": 9, "codename": "change_server"}}, {"model": "auth.permission", "pk": 35, "fields": {"name": "Can delete server", "content_type": 9, "codename": "delete_server"}}, {"model": "auth.permission", "pk": 36, "fields": {"name": "Can view server", "content_type": 9, "codename": "view_server"}}, {"model": "auth.permission", "pk": 37, "fields": {"name": "Can add group", "content_type": 10, "codename": "add_group"}}, {"model": "auth.permission", "pk": 38, "fields": {"name": "Can change group", "content_type": 10, "codename": "change_group"}}, {"model": "auth.permission", "pk": 39, "fields": {"name": "Can delete group", "content_type": 10, "codename": "delete_group"}}, {"model": "auth.permission", "pk": 40, "fields": {"name": "Can view group", "content_type": 10, "codename": "view_group"}}, {"model": "auth.permission", "pk": 41, "fields": {"name": "Can add fecha", "content_type": 11, "codename": "add_fecha"}}, {"model": "auth.permission", "pk": 42, "fields": {"name": "Can change fecha", "content_type": 11, "codename": "change_fecha"}}, {"model": "auth.permission", "pk": 43, "fields": {"name": "Can delete fecha", "content_type": 11, "codename": "delete_fecha"}}, {"model": "auth.permission", "pk": 44, "fields": {"name": "Can view fecha", "content_type": 11, "codename": "view_fecha"}}, {"model": "auth.permission", "pk": 45, "fields": {"name": "Can add assistance", "content_type": 12, "codename": "add_assistance"}}, {"model": "auth.permission", "pk": 46, "fields": {"name": "Can change assistance", "content_type": 12, "codename": "change_assistance"}}, {"model": "auth.permission", "pk": 47, "fields": {"name": "Can delete assistance", "content_type": 12, "codename": "delete_assistance"}}, {"model": "auth.permission", "pk": 48, "fields": {"name": "Can view assistance", "content_type": 12, "codename": "view_assistance"}}, {"model": "auth.permission", "pk": 49, "fields": {"name": "Can add expense", "content_type": 13, "codename": "add_expense"}}, {"model": "auth.permission", "pk": 50, "fields": {"name": "Can change expense", "content_type": 13, "codename": "change_expense"}}, {"model": "auth.permission", "pk": 51, "fields": {"name": "Can delete expense", "content_type": 13, "codename": "delete_expense"}}, {"model": "auth.permission", "pk": 52, "fields": {"name": "Can view expense", "content_type": 13, "codename": "view_expense"}}, {"model": "auth.permission", "pk": 53, "fields": {"name": "Can add weekinfo", "content_type": 14, "codename": "add_weekinfo"}}, {"model": "auth.permission", "pk": 54, "fields": {"name": "Can change weekinfo", "content_type": 14, "codename": "change_weekinfo"}}, {"model": "auth.permission", "pk": 55, "fields": {"name": "Can delete weekinfo", "content_type": 14, "codename": "delete_weekinfo"}}, {"model": "auth.permission", "pk": 56, "fields": {"name": "Can view weekinfo", "content_type": 14, "codename": "view_weekinfo"}}, {"model": "auth.permission", "pk": 57, "fields": {"name": "Can add coordinator", "content_type": 15, "codename": "add_coordinator"}}, {"model": "auth.permission", "pk": 58, "fields": {"name": "Can change coordinator", "content_type": 15, "codename": "change_coordinator"}}, {"model": "auth.permission", "pk": 59, "fields": {"name": "Can delete coordinator", "content_type": 15, "codename": "delete_coordinator"}}, {"model": "auth.permission", "pk": 60, "fields": {"name": "Can view coordinator", "content_type": 15, "codename": "view_coordinator"}}, {"model": "auth.permission", "pk": 61, "fields": {"name": "Can add child", "content_type": 16, "codename": "add_child"}}, {"model": "auth.permission", "pk": 62, "fields": {"name": "Can change child", "content_type": 16, "codename": "change_child"}}, {"model": "auth.permission", "pk": 63, "fields": {"name": "Can delete child", "content_type": 16, "codename": "delete_child"}}, {"model": "auth.permission", "pk": 64, "fields": {"name": "Can view child", "content_type": 16, "codename": "view_child"}}, {"model": "auth.permission", "pk": 65, "fields": {"name": "Can add server", "content_type": 17, "codename": "add_server"}}, {"model": "auth.permission", "pk": 66, "fields": {"name": "Can change server", "content_type": 17, "codename": "change_server"}}, {"model": "auth.permission", "pk": 67, "fields": {"name": "Can delete server", "content_type": 17, "codename": "delete_server"}}, {"model": "auth.permission", "pk": 68, "fields": {"name": "Can view server", "content_type": 17, "codename": "view_server"}}, {"model": "auth.permission", "pk": 69, "fields": {"name": "Can add assistance", "content_type": 18, "codename": "add_assistance"}}, {"model": "auth.permission", "pk": 70, "fields": {"name": "Can change assistance", "content_type": 18, "codename": "change_assistance"}}, {"model": "auth.permission", "pk": 71, "fields": {"name": "Can delete assistance", "content_type": 18, "codename": "delete_assistance"}}, {"model": "auth.permission", "pk": 72, "fields": {"name": "Can view assistance", "content_type": 18, "codename": "view_assistance"}}, {"model": "auth.permission", "pk": 73, "fields": {"name": "Can add group", "content_type": 19, "codename": "add_group"}}, {"model": "auth.permission", "pk": 74, "fields": {"name": "Can change group", "content_type": 19, "codename": "change_group"}}, {"model": "auth.permission", "pk": 75, "fields": {"name": "Can delete group", "content_type": 19, "codename": "delete_group"}}, {"model": "auth.permission", "pk": 76, "fields": {"name": "Can view group", "content_type": 19, "codename": "view_group"}}, {"model": "auth.permission", "pk": 77, "fields": {"name": "Can add child", "content_type": 20, "codename": "add_child"}}, {"model": "auth.permission", "pk": 78, "fields": {"name": "Can change child", "content_type": 20, "codename": "change_child"}}, {"model": "auth.permission", "pk": 79, "fields": {"name": "Can delete child", "content_type": 20, "codename": "delete_child"}}, {"model": "auth.permission", "pk": 80, "fields": {"name": "Can view child", "content_type": 20, "codename": "view_child"}}, {"model": "auth.permission", "pk": 81, "fields": {"name": "Can add coordinator", "content_type": 21, "codename": "add_coordinator"}}, {"model": "auth.permission", "pk": 82, "fields": {"name": "Can change coordinator", "content_type": 21, "codename": "change_coordinator"}}, {"model": "auth.permission", "pk": 83, "fields": {"name": "Can delete coordinator", "content_type": 21, "codename": "delete_coordinator"}}, {"model": "auth.permission", "pk": 84, "fields": {"name": "Can view coordinator", "content_type": 21, "codename": "view_coordinator"}}, {"model": "auth.permission", "pk": 85, "fields": {"name": "Can add course", "content_type": 22, "codename": "add_course"}}, {"model": "auth.permission", "pk": 86, "fields": {"name": "Can change course", "content_type": 22, "codename": "change_course"}}, {"model": "auth.permission", "pk": 87, "fields": {"name": "Can delete course", "content_type": 22, "codename": "delete_course"}}, {"model": "auth.permission", "pk": 88, "fields": {"name": "Can view course", "content_type": 22, "codename": "view_course"}}, {"model": "auth.permission", "pk": 89, "fields": {"name": "Can add student", "content_type": 23, "codename": "add_student"}}, {"model": "auth.permission", "pk": 90, "fields": {"name": "Can change student", "content_type": 23, "codename": "change_student"}}, {"model": "auth.permission", "pk": 91, "fields": {"name": "Can delete student", "content_type": 23, "codename": "delete_student"}}, {"model": "auth.permission", "pk": 92, "fields": {"name": "Can view student", "content_type": 23, "codename": "view_student"}}, {"model": "auth.permission", "pk": 93, "fields": {"name": "Can add subject", "content_type": 24, "codename": "add_subject"}}, {"model": "auth.permission", "pk": 94, "fields": {"name": "Can change subject", "content_type": 24, "codename": "change_subject"}}, {"model": "auth.permission", "pk": 95, "fields": {"name": "Can delete subject", "content_type": 24, "codename": "delete_subject"}}, {"model": "auth.permission", "pk": 96, "fields": {"name": "Can view subject", "content_type": 24, "codename": "view_subject"}}, {"model": "auth.permission", "pk": 97, "fields": {"name": "Can add teacher", "content_type": 25, "codename": "add_teacher"}}, {"model": "auth.permission", "pk": 98, "fields": {"name": "Can change teacher", "content_type": 25, "codename": "change_teacher"}}, {"model": "auth.permission", "pk": 99, "fields": {"name": "Can delete teacher", "content_type": 25, "codename": "delete_teacher"}}, {"model": "auth.permission", "pk": 100, "fields": {"name": "Can view teacher", "content_type": 25, "codename": "view_teacher"}}, {"model": "auth.permission", "pk": 101, "fields": {"name": "Can add enrollment", "content_type": 26, "codename": "add_enrollment"}}, {"model": "auth.permission", "pk": 102, "fields": {"name": "Can change enrollment", "content_type": 26, "codename": "change_enrollment"}}, {"model": "auth.permission", "pk": 103, "fields": {"name": "Can delete enrollment", "content_type": 26, "codename": "delete_enrollment"}}, {"model": "auth.permission", "pk": 104, "fields": {"name": "Can view enrollment", "content_type": 26, "codename": "view_enrollment"}}, {"model": "auth.permission", "pk": 105, "fields": {"name": "Can add attendance log", "content_type": 27, "codename": "add_attendancelog"}}, {"model": "auth.permission", "pk": 106, "fields": {"name": "Can change attendance log", "content_type": 27, "codename": "change_attendancelog"}}, {"model": "auth.permission", "pk": 107, "fields": {"name": "Can delete attendance log", "content_type": 27, "codename": "delete_attendancelog"}}, {"model": "auth.permission", "pk": 108, "fields": {"name": "Can view attendance log", "content_type": 27, "codename": "view_attendancelog"}}, {"model": "auth.permission", "pk": 109, "fields": {"name": "Can add Meeting Participant", "content_type": 28, "codename": "add_meetingparticipant"}}, {"model": "auth.permission", "pk": 110, "fields": {"name": "Can change Meeting Participant", "content_type": 28, "codename": "change_meetingparticipant"}}, {"model": "auth.permission", "pk": 111, "fields": {"name": "Can delete Meeting Participant", "content_type": 28, "codename": "delete_meetingparticipant"}}, {"model": "auth.permission", "pk": 112, "fields": {"name": "Can view Meeting Participant", "content_type": 28, "codename": "view_meetingparticipant"}}, {"model": "auth.permission", "pk": 113, "fields": {"name": "Can add Server", "content_type": 29, "codename": "add_server"}}, {"model": "auth.permission", "pk": 114, "fields": {"name": "Can change Server", "content_type": 29, "codename": "change_server"}}, {"model": "auth.permission", "pk": 115, "fields": {"name": "Can delete Server", "content_type": 29, "codename": "delete_server"}}, {"model": "auth.permission", "pk": 116, "fields": {"name": "Can view Server", "content_type": 29, "codename": "view_server"}}, {"model": "auth.permission", "pk": 117, "fields": {"name": "Can add Meeting", "content_type": 30, "codename": "add_meeting"}}, {"model": "auth.permission", "pk": 118, "fields": {"name": "Can change Meeting", "content_type": 30, "codename": "change_meeting"}}, {"model": "auth.permission", "pk": 119, "fields": {"name": "Can delete Meeting", "content_type": 30, "codename": "delete_meeting"}}, {"model": "auth.permission", "pk": 120, "fields": {"name": "Can view Meeting", "content_type": 30, "codename": "view_meeting"}}, {"model": "auth.permission", "pk": 121, "fields": {"name": "Can add Financial Summary", "content_type": 31, "codename": "add_summary"}}, {"model": "auth.permission", "pk": 122, "fields": {"name": "Can change Financial Summary", "content_type": 31, "codename": "change_summary"}}, {"model": "auth.permission", "pk": 123, "fields": {"name": "Can delete Financial Summary", "content_type": 31, "codename": "delete_summary"}}, {"model": "auth.permission", "pk": 124, "fields": {"name": "Can view Financial Summary", "content_type": 31, "codename": "view_summary"}}, {"model": "auth.permission", "pk": 125, "fields": {"name": "Can add Church Data Info", "content_type": 32, "codename": "add_churchdatainfo"}}, {"model": "auth.permission", "pk": 126, "fields": {"name": "Can change Church Data Info", "content_type": 32, "codename": "change_churchdatainfo"}}, {"model": "auth.permission", "pk": 127, "fields": {"name": "Can delete Church Data Info", "content_type": 32, "codename": "delete_churchdatainfo"}}, {"model": "auth.permission", "pk": 128, "fields": {"name": "Can view Church Data Info", "content_type": 32, "codename": "view_churchdatainfo"}}, {"model": "auth.permission", "pk": 129, "fields": {"name": "Can add Family Participant Info", "content_type": 33, "codename": "add_familyparticipantinfo"}}, {"model": "auth.permission", "pk": 130, "fields": {"name": "Can change Family Participant Info", "content_type": 33, "codename": "change_familyparticipantinfo"}}, {"model": "auth.permission", "pk": 131, "fields": {"name": "Can delete Family Participant Info", "content_type": 33, "codename": "delete_familyparticipantinfo"}}, {"model": "auth.permission", "pk": 132, "fields": {"name": "Can view Family Participant Info", "content_type": 33, "codename": "view_familyparticipantinfo"}}, {"model": "auth.permission", "pk": 133, "fields": {"name": "Can add Financial Movement", "content_type": 34, "codename": "add_financemovements"}}, {"model": "auth.permission", "pk": 134, "fields": {"name": "Can change Financial Movement", "content_type": 34, "codename": "change_financemovements"}}, {"model": "auth.permission", "pk": 135, "fields": {"name": "Can delete Financial Movement", "content_type": 34, "codename": "delete_financemovements"}}, {"model": "auth.permission", "pk": 136, "fields": {"name": "Can view Financial Movement", "content_type": 34, "codename": "view_financemovements"}}, {"model": "auth.permission", "pk": 137, "fields": {"name": "Can add Participant", "content_type": 35, "codename": "add_participant"}}, {"model": "auth.permission", "pk": 138, "fields": {"name": "Can change Participant", "content_type": 35, "codename": "change_participant"}}, {"model": "auth.permission", "pk": 139, "fields": {"name": "Can delete Participant", "content_type": 35, "codename": "delete_participant"}}, {"model": "auth.permission", "pk": 140, "fields": {"name": "Can view Participant", "content_type": 35, "codename": "view_participant"}}, {"model": "auth.permission", "pk": 141, "fields": {"name": "Can add group", "content_type": 36, "codename": "add_group"}}, {"model": "auth.permission", "pk": 142, "fields": {"name": "Can change group", "content_type": 36, "codename": "change_group"}}, {"model": "auth.permission", "pk": 143, "fields": {"name": "Can delete group", "content_type": 36, "codename": "delete_group"}}, {"model": "auth.permission", "pk": 144, "fields": {"name": "Can view group", "content_type": 36, "codename": "view_group"}}, {"model": "auth.permission", "pk": 145, "fields": {"name": "Can add assistance", "content_type": 37, "codename": "add_assistance"}}, {"model": "auth.permission", "pk": 146, "fields": {"name": "Can change assistance", "content_type": 37, "codename": "change_assistance"}}, {"model": "auth.permission", "pk": 147, "fields": {"name": "Can delete assistance", "content_type": 37, "codename": "delete_assistance"}}, {"model": "auth.permission", "pk": 148, "fields": {"name": "Can view assistance", "content_type": 37, "codename": "view_assistance"}}, {"model": "auth.permission", "pk": 149, "fields": {"name": "Can add server", "content_type": 38, "codename": "add_server"}}, {"model": "auth.permission", "pk": 150, "fields": {"name": "Can change server", "content_type": 38, "codename": "change_server"}}, {"model": "auth.permission", "pk": 151, "fields": {"name": "Can delete server", "content_type": 38, "codename": "delete_server"}}, {"model": "auth.permission", "pk": 152, "fields": {"name": "Can view server", "content_type": 38, "codename": "view_server"}}, {"model": "auth.permission", "pk": 153, "fields": {"name": "Can add coordinator", "content_type": 39, "codename": "add_coordinator"}}, {"model": "auth.permission", "pk": 154, "fields": {"name": "Can change coordinator", "content_type": 39, "codename": "change_coordinator"}}, {"model": "auth.permission", "pk": 155, "fields": {"name": "Can delete coordinator", "content_type": 39, "codename": "delete_coordinator"}}, {"model": "auth.permission", "pk": 156, "fields": {"name": "Can view coordinator", "content_type": 39, "codename": "view_coordinator"}}, {"model": "auth.permission", "pk": 157, "fields": {"name": "Can add Asignaci¾n Grupo-Coordinador", "content_type": 40, "codename": "add_groupcoordinator"}}, {"model": "auth.permission", "pk": 158, "fields": {"name": "Can change Asignaci¾n Grupo-Coordinador", "content_type": 40, "codename": "change_groupcoordinator"}}, {"model": "auth.permission", "pk": 159, "fields": {"name": "Can delete Asignaci¾n Grupo-Coordinador", "content_type": 40, "codename": "delete_groupcoordinator"}}, {"model": "auth.permission", "pk": 160, "fields": {"name": "Can view Asignaci¾n Grupo-Coordinador", "content_type": 40, "codename": "view_groupcoordinator"}}, {"model": "auth.permission", "pk": 161, "fields": {"name": "Can add Asignaci¾n Grupo-Coordinador (Cuna)", "content_type": 41, "codename": "add_groupcoordinator"}}, {"model": "auth.permission", "pk": 162, "fields": {"name": "Can change Asignaci¾n Grupo-Coordinador (Cuna)", "content_type": 41, "codename": "change_groupcoordinator"}}, {"model": "auth.permission", "pk": 163, "fields": {"name": "Can delete Asignaci¾n Grupo-Coordinador (Cuna)", "content_type": 41, "codename": "delete_groupcoordinator"}}, {"model": "auth.permission", "pk": 164, "fields": {"name": "Can view Asignaci¾n Grupo-Coordinador (Cuna)", "content_type": 41, "codename": "view_groupcoordinator"}}, {"model": "auth.permission", "pk": 165, "fields": {"name": "Can add grade", "content_type": 42, "codename": "add_grade"}}, {"model": "auth.permission", "pk": 166, "fields": {"name": "Can change grade", "content_type": 42, "codename": "change_grade"}}, {"model": "auth.permission", "pk": 167, "fields": {"name": "Can delete grade", "content_type": 42, "codename": "delete_grade"}}, {"model": "auth.permission", "pk": 168, "fields": {"name": "Can view grade", "content_type": 42, "codename": "view_grade"}}, {"model": "auth.permission", "pk": 169, "fields": {"name": "Can add group", "content_type": 43, "codename": "add_group"}}, {"model": "auth.permission", "pk": 170, "fields": {"name": "Can change group", "content_type": 43, "codename": "change_group"}}, {"model": "auth.permission", "pk": 171, "fields": {"name": "Can delete group", "content_type": 43, "codename": "delete_group"}}, {"model": "auth.permission", "pk": 172, "fields": {"name": "Can view group", "content_type": 43, "codename": "view_group"}}, {"model": "auth.permission", "pk": 173, "fields": {"name": "Can add ministry", "content_type": 44, "codename": "add_ministry"}}, {"model": "auth.permission", "pk": 174, "fields": {"name": "Can change ministry", "content_type": 44, "codename": "change_ministry"}}, {"model": "auth.permission", "pk": 175, "fields": {"name": "Can delete ministry", "content_type": 44, "codename": "delete_ministry"}}, {"model": "auth.permission", "pk": 176, "fields": {"name": "Can view ministry", "content_type": 44, "codename": "view_ministry"}}, {"model": "auth.permission", "pk": 177, "fields": {"name": "Can add coordinator", "content_type": 45, "codename": "add_coordinator"}}, {"model": "auth.permission", "pk": 178, "fields": {"name": "Can change coordinator", "content_type": 45, "codename": "change_coordinator"}}, {"model": "auth.permission", "pk": 179, "fields": {"name": "Can delete coordinator", "content_type": 45, "codename": "delete_coordinator"}}, {"model": "auth.permission", "pk": 180, "fields": {"name": "Can view coordinator", "content_type": 45, "codename": "view_coordinator"}}, {"model": "auth.permission", "pk": 181, "fields": {"name": "Can add attendance", "content_type": 46, "codename": "add_attendance"}}, {"model": "auth.permission", "pk": 182, "fields": {"name": "Can change attendance", "content_type": 46, "codename": "change_attendance"}}, {"model": "auth.permission", "pk": 183, "fields": {"name": "Can delete attendance", "content_type": 46, "codename": "delete_attendance"}}, {"model": "auth.permission", "pk": 184, "fields": {"name": "Can view attendance", "content_type": 46, "codename": "view_attendance"}}, {"model": "auth.permission", "pk": 185, "fields": {"name": "Can add server", "content_type": 47, "codename": "add_server"}}, {"model": "auth.permission", "pk": 186, "fields": {"name": "Can change server", "content_type": 47, "codename": "change_server"}}, {"model": "auth.permission", "pk": 187, "fields": {"name": "Can delete server", "content_type": 47, "codename": "delete_server"}}, {"model": "auth.permission", "pk": 188, "fields": {"name": "Can view server", "content_type": 47, "codename": "view_server"}}, {"model": "auth.permission", "pk": 189, "fields": {"name": "Can add assistance", "content_type": 48, "codename": "add_assistance"}}, {"model": "auth.permission", "pk": 190, "fields": {"name": "Can change assistance", "content_type": 48, "codename": "change_assistance"}}, {"model": "auth.permission", "pk": 191, "fields": {"name": "Can delete assistance", "content_type": 48, "codename": "delete_assistance"}}, {"model": "auth.permission", "pk": 192, "fields": {"name": "Can view assistance", "content_type": 48, "codename": "view_assistance"}}, {"model": "auth.permission", "pk": 193, "fields": {"name": "Can add Asignaci¾n Grupo-Coordinador (Cuna)", "content_type": 49, "codename": "add_groupcoordinator"}}, {"model": "auth.permission", "pk": 194, "fields": {"name": "Can change Asignaci¾n Grupo-Coordinador (Cuna)", "content_type": 49, "codename": "change_groupcoordinator"}}, {"model": "auth.permission", "pk": 195, "fields": {"name": "Can delete Asignaci¾n Grupo-Coordinador (Cuna)", "content_type": 49, "codename": "delete_groupcoordinator"}}, {"model": "auth.permission", "pk": 196, "fields": {"name": "Can view Asignaci¾n Grupo-Coordinador (Cuna)", "content_type": 49, "codename": "view_groupcoordinator"}}, {"model": "auth.permission", "pk": 197, "fields": {"name": "Can add assistance", "content_type": 50, "codename": "add_assistance"}}, {"model": "auth.permission", "pk": 198, "fields": {"name": "Can change assistance", "content_type": 50, "codename": "change_assistance"}}, {"model": "auth.permission", "pk": 199, "fields": {"name": "Can delete assistance", "content_type": 50, "codename": "delete_assistance"}}, {"model": "auth.permission", "pk": 200, "fields": {"name": "Can view assistance", "content_type": 50, "codename": "view_assistance"}}, {"model": "auth.permission", "pk": 201, "fields": {"name": "Can add group", "content_type": 51, "codename": "add_group"}}, {"model": "auth.permission", "pk": 202, "fields": {"name": "Can change group", "content_type": 51, "codename": "change_group"}}, {"model": "auth.permission", "pk": 203, "fields": {"name": "Can delete group", "content_type": 51, "codename": "delete_group"}}, {"model": "auth.permission", "pk": 204, "fields": {"name": "Can view group", "content_type": 51, "codename": "view_group"}}, {"model": "auth.permission", "pk": 205, "fields": {"name": "Can add child", "content_type": 52, "codename": "add_child"}}, {"model": "auth.permission", "pk": 206, "fields": {"name": "Can change child", "content_type": 52, "codename": "change_child"}}, {"model": "auth.permission", "pk": 207, "fields": {"name": "Can delete child", "content_type": 52, "codename": "delete_child"}}, {"model": "auth.permission", "pk": 208, "fields": {"name": "Can view child", "content_type": 52, "codename": "view_child"}}, {"model": "auth.permission", "pk": 209, "fields": {"name": "Can add server", "content_type": 53, "codename": "add_server"}}, {"model": "auth.permission", "pk": 210, "fields": {"name": "Can change server", "content_type": 53, "codename": "change_server"}}, {"model": "auth.permission", "pk": 211, "fields": {"name": "Can delete server", "content_type": 53, "codename": "delete_server"}}, {"model": "auth.permission", "pk": 212, "fields": {"name": "Can view server", "content_type": 53, "codename": "view_server"}}, {"model": "auth.permission", "pk": 213, "fields": {"name": "Can add coordinator", "content_type": 54, "codename": "add_coordinator"}}, {"model": "auth.permission", "pk": 214, "fields": {"name": "Can change coordinator", "content_type": 54, "codename": "change_coordinator"}}, {"model": "auth.permission", "pk": 215, "fields": {"name": "Can delete coordinator", "content_type": 54, "codename": "delete_coordinator"}}, {"model": "auth.permission", "pk": 216, "fields": {"name": "Can view coordinator", "content_type": 54, "codename": "view_coordinator"}}, {"model": "auth.permission", "pk": 217, "fields": {"name": "Can add coordinator", "content_type": 55, "codename": "add_coordinator"}}, {"model": "auth.permission", "pk": 218, "fields": {"name": "Can change coordinator", "content_type": 55, "codename": "change_coordinator"}}, {"model": "auth.permission", "pk": 219, "fields": {"name": "Can delete coordinator", "content_type": 55, "codename": "delete_coordinator"}}, {"model": "auth.permission", "pk": 220, "fields": {"name": "Can view coordinator", "content_type": 55, "codename": "view_coordinator"}}, {"model": "auth.permission", "pk": 221, "fields": {"name": "Can add assistance", "content_type": 56, "codename": "add_assistance"}}, {"model": "auth.permission", "pk": 222, "fields": {"name": "Can change assistance", "content_type": 56, "codename": "change_assistance"}}, {"model": "auth.permission", "pk": 223, "fields": {"name": "Can delete assistance", "content_type": 56, "codename": "delete_assistance"}}, {"model": "auth.permission", "pk": 224, "fields": {"name": "Can view assistance", "content_type": 56, "codename": "view_assistance"}}, {"model": "auth.permission", "pk": 225, "fields": {"name": "Can add Asignaci¾n Grupo-Coordinador (Kids)", "content_type": 57, "codename": "add_groupcoordinator"}}, {"model": "auth.permission", "pk": 226, "fields": {"name": "Can change Asignaci¾n Grupo-Coordinador (Kids)", "content_type": 57, "codename": "change_groupcoordinator"}}, {"model": "auth.permission", "pk": 227, "fields": {"name": "Can delete Asignaci¾n Grupo-Coordinador (Kids)", "content_type": 57, "codename": "delete_groupcoordinator"}}, {"model": "auth.permission", "pk": 228, "fields": {"name": "Can view Asignaci¾n Grupo-Coordinador (Kids)", "content_type": 57, "codename": "view_groupcoordinator"}}, {"model": "auth.permission", "pk": 229, "fields": {"name": "Can add server", "content_type": 58, "codename": "add_server"}}, {"model": "auth.permission", "pk": 230, "fields": {"name": "Can change server", "content_type": 58, "codename": "change_server"}}, {"model": "auth.permission", "pk": 231, "fields": {"name": "Can delete server", "content_type": 58, "codename": "delete_server"}}, {"model": "auth.permission", "pk": 232, "fields": {"name": "Can view server", "content_type": 58, "codename": "view_server"}}, {"model": "auth.permission", "pk": 233, "fields": {"name": "Can add group", "content_type": 59, "codename": "add_group"}}, {"model": "auth.permission", "pk": 234, "fields": {"name": "Can change group", "content_type": 59, "codename": "change_group"}}, {"model": "auth.permission", "pk": 235, "fields": {"name": "Can delete group", "content_type": 59, "codename": "delete_group"}}, {"model": "auth.permission", "pk": 236, "fields": {"name": "Can view group", "content_type": 59, "codename": "view_group"}}, {"model": "auth.permission", "pk": 237, "fields": {"name": "Can add child", "content_type": 60, "codename": "add_child"}}, {"model": "auth.permission", "pk": 238, "fields": {"name": "Can change child", "content_type": 60, "codename": "change_child"}}, {"model": "auth.permission", "pk": 239, "fields": {"name": "Can delete child", "content_type": 60, "codename": "delete_child"}}, {"model": "auth.permission", "pk": 240, "fields": {"name": "Can view child", "content_type": 60, "codename": "view_child"}}, {"model": "auth.permission", "pk": 241, "fields": {"name": "Can add child", "content_type": 61, "codename": "add_child"}}, {"model": "auth.permission", "pk": 242, "fields": {"name": "Can change child", "content_type": 61, "codename": "change_child"}}, {"model": "auth.permission", "pk": 243, "fields": {"name": "Can delete child", "content_type": 61, "codename": "delete_child"}}, {"model": "auth.permission", "pk": 244, "fields": {"name": "Can view child", "content_type": 61, "codename": "view_child"}}, {"model": "auth.permission", "pk": 245, "fields": {"name": "Can add group", "content_type": 62, "codename": "add_group"}}, {"model": "auth.permission", "pk": 246, "fields": {"name": "Can change group", "content_type": 62, "codename": "change_group"}}, {"model": "auth.permission", "pk": 247, "fields": {"name": "Can delete group", "content_type": 62, "codename": "delete_group"}}, {"model": "auth.permission", "pk": 248, "fields": {"name": "Can view group", "content_type": 62, "codename": "view_group"}}, {"model": "auth.permission", "pk": 249, "fields": {"name": "Can add coordinator", "content_type": 63, "codename": "add_coordinator"}}, {"model": "auth.permission", "pk": 250, "fields": {"name": "Can change coordinator", "content_type": 63, "codename": "change_coordinator"}}, {"model": "auth.permission", "pk": 251, "fields": {"name": "Can delete coordinator", "content_type": 63, "codename": "delete_coordinator"}}, {"model": "auth.permission", "pk": 252, "fields": {"name": "Can view coordinator", "content_type": 63, "codename": "view_coordinator"}}, {"model": "auth.permission", "pk": 253, "fields": {"name": "Can add server", "content_type": 64, "codename": "add_server"}}, {"model": "auth.permission", "pk": 254, "fields": {"name": "Can change server", "content_type": 64, "codename": "change_server"}}, {"model": "auth.permission", "pk": 255, "fields": {"name": "Can delete server", "content_type": 64, "codename": "delete_server"}}, {"model": "auth.permission", "pk": 256, "fields": {"name": "Can view server", "content_type": 64, "codename": "view_server"}}, {"model": "auth.permission", "pk": 257, "fields": {"name": "Can add assistance", "content_type": 65, "codename": "add_assistance"}}, {"model": "auth.permission", "pk": 258, "fields": {"name": "Can change assistance", "content_type": 65, "codename": "change_assistance"}}, {"model": "auth.permission", "pk": 259, "fields": {"name": "Can delete assistance", "content_type": 65, "codename": "delete_assistance"}}, {"model": "auth.permission", "pk": 260, "fields": {"name": "Can view assistance", "content_type": 65, "codename": "view_assistance"}}, {"model": "auth.permission", "pk": 261, "fields": {"name": "Can add Asignaci¾n Grupo-Coordinador (Cuna)", "content_type": 66, "codename": "add_groupcoordinator"}}, {"model": "auth.permission", "pk": 262, "fields": {"name": "Can change Asignaci¾n Grupo-Coordinador (Cuna)", "content_type": 66, "codename": "change_groupcoordinator"}}, {"model": "auth.permission", "pk": 263, "fields": {"name": "Can delete Asignaci¾n Grupo-Coordinador (Cuna)", "content_type": 66, "codename": "delete_groupcoordinator"}}, {"model": "auth.permission", "pk": 264, "fields": {"name": "Can view Asignaci¾n Grupo-Coordinador (Cuna)", "content_type": 66, "codename": "view_groupcoordinator"}}, {"model": "auth.group", "pk": 1, "fields": {"name": "Administradores", "permissions": [105, 106, 107, 108, 85, 86, 87, 88, 101, 102, 103, 104, 165, 166, 167, 168, 89, 90, 91, 92, 93, 94, 95, 96, 97, 98, 99, 100, 1, 2, 3, 4, 145, 146, 147, 148, 153, 154, 155, 156, 141, 142, 143, 144, 149, 150, 151, 152, 189, 190, 191, 192, 181, 182, 183, 184, 177, 178, 179, 180, 169, 170, 171, 172, 173, 174, 175, 176, 185, 186, 187, 188, 9, 10, 11, 12, 5, 6, 7, 8, 13, 14, 15, 16, 17, 18, 19, 20, 69, 70, 71, 72, 77, 78, 79, 80, 81, 82, 83, 84, 73, 74, 75, 76, 161, 162, 163, 164, 65, 66, 67, 68, 125, 126, 127, 128, 129, 130, 131, 132, 133, 134, 135, 136, 117, 118, 119, 120, 109, 110, 111, 112, 137, 138, 139, 140, 113, 114, 115, 116, 121, 122, 123, 124, 45, 46, 47, 48, 61, 62, 63, 64, 57, 58, 59, 60, 49, 50, 51, 52, 41, 42, 43, 44, 37, 38, 39, 40, 29, 30, 31, 32, 157, 158, 159, 160, 25, 26, 27, 28, 33, 34, 35, 36, 53, 54, 55, 56, 21, 22, 23, 24]}}, {"model": "auth.group", "pk": 2, "fields": {"name": "Maestros", "permissions": [105, 106, 107, 108, 88, 104, 165, 166, 167, 168, 92, 96]}}, {"model": "auth.group", "pk": 3, "fields": {"name": "cunakids_staff", "permissions": [69, 70, 71, 72, 77, 78, 79, 80, 81, 82, 83, 84, 73, 74, 75, 76, 161, 162, 163, 164, 65, 66, 67, 68]}}, {"model": "auth.group", "pk": 4, "fields": {"name": "pusukids_staff", "permissions": [45, 46, 47, 48, 61, 62, 63, 64, 57, 58, 59, 60, 49, 50, 51, 52, 41, 42, 43, 44, 37, 38, 39, 40, 29, 30, 31, 32, 157, 158, 159, 160, 25, 26, 27, 28, 33, 34, 35, 36, 53, 54, 55, 56]}}, {"model": "auth.group", "pk": 5, "fields": {"name": "Alabanza", "permissions": [145, 146, 147, 148, 153, 154, 155, 156, 141, 142, 143, 144, 149, 150, 151, 152]}}, {"model": "auth.group", "pk": 6, "fields": {"name": "Anfitriones", "permissions": [189, 190, 191, 192, 181, 182, 183, 184, 177, 178, 179, 180, 169, 170, 171, 172, 173, 174, 175, 176, 185, 186, 187, 188]}}, {"model": "auth.group", "pk": 7, "fields": {"name": "Encuentros", "permissions": [125, 126, 127, 128, 129, 130, 131, 132, 133, 134, 135, 136, 117, 118, 119, 120, 109, 110, 111, 112, 137, 138, 139, 140, 113, 114, 115, 116, 121, 122, 123, 124]}}, {"model": "auth.group", "pk": 8, "fields": {"name": "jap_staff", "permissions": [197, 198, 199, 200, 205, 206, 207, 208, 213, 214, 215, 216, 201, 202, 203, 204, 193, 194, 195, 196, 209, 210, 211, 212]}}, {"model": "auth.group", "pk": 9, "fields": {"name": "pequekids_staff", "permissions": [221, 222, 223, 224, 237, 238, 239, 240, 217, 218, 219, 220, 233, 234, 235, 236, 225, 226, 227, 228, 229, 230, 231, 232]}}, {"model": "auth.user", "pk": 1, "fields": {"password": "pbkdf2_sha256$870000$9H2B6qQhO0l7MpnUgPd6VM$ZYF4cgFQ5SKSpL7EyXC9kCPGo4CUXGnH+cUlLMDdmPo=", "last_login": "2025-03-21T03:08:10Z", "is_superuser": true, "username": "superuser", "first_name": "Washington", "last_name": "Rodriguez", "email": "wrodrigz2009@gmail.com", "is_staff": true, "is_active": true, "date_joined": "2025-03-21T03:07:36Z", "groups": [], "user_permissions": []}}, {"model": "auth.user", "pk": 2, "fields": {"password": "pbkdf2_sha256$870000$Oy6fC8zPPJN1YEkwWH9WPf$+Xqd+PrZ8v04Z/pfJUIhGVpnS6HKUpaGcSZuqZhuoKM=", "last_login": "2025-07-27T03:29:41.442Z", "is_superuser": false, "username": "naykary", "first_name": "Naykary", "last_name": "Salazar", "email": "", "is_staff": false, "is_active": true, "date_joined": "2025-03-21T03:16:10Z", "groups": [4], "user_permissions": [45, 46, 47, 48, 61, 62, 63, 64, 57, 58, 59, 60, 49, 50, 51, 52, 41, 42, 43, 44, 37, 38, 39, 40, 29, 30, 31, 32, 157, 158, 159, 160, 25, 26, 27, 28, 33, 34, 35, 36, 53, 54, 55, 56]}}, {"model": "auth.user", "pk": 3, "fields": {"password": "pbkdf2_sha256$870000$mKU1lOJC7M2IGxXT3dwuzL$wEAHuXECdmHprDwbrT2lV4A/jVY0sjMz3Bd613RzPGI=", "last_login": "2025-08-06T02:02:50Z", "is_superuser": true, "username": "wrodriguez", "first_name": "Washington", "last_name": "RodrÝguez", "email": "wrodrigz2009@gmail.com", "is_staff": true, "is_active": true, "date_joined": "2025-05-02T13:46:37Z", "groups": [1, 2, 3, 4, 5, 6, 7, 8, 9], "user_permissions": []}}, {"model": "auth.user", "pk": 4, "fields": {"password": "pbkdf2_sha256$870000$llIe2djIMH73IDfPYXxvbu$y5uO5O5afnQC8xaMuCOVWl0dz07tmeM53Pe+h+F4O4E=", "last_login": "2025-07-27T03:29:08.075Z", "is_superuser": true, "username": "washington", "first_name": "", "last_name": "", "email": "wrodrigz2009@gmail.com", "is_staff": true, "is_active": true, "date_joined": "2025-07-26T15:02:40.201Z", "groups": [], "user_permissions": []}}, {"model": "auth.user", "pk": 5, "fields": {"password": "pbkdf2_sha256$870000$jOBi4qq8yNLg3NQKoU2ESz$LITyr+3g7EhjMPbxS+Bdv3NRDF5gMBGzzIMofgvJDss=", "last_login": "2025-07-27T03:33:07.542Z", "is_superuser": false, "username": "gjacome", "first_name": "Geovanny", "last_name": "Jßcome", "email": "gjacome@alianzapusuqui.org", "is_staff": false, "is_active": true, "date_joined": "2025-07-26T15:31:53Z", "groups": [2], "user_permissions": [105, 106, 107, 108, 88, 104, 165, 166, 167, 168]}}, {"model": "auth.user", "pk": 6, "fields": {"password": "Pusuqui2024*", "last_login": "2025-07-26T15:37:53Z", "is_superuser": false, "username": "belymoreno", "first_name": "Bely", "last_name": "Moreno", "email": "wrodrigz2009@gmail.com", "is_staff": false, "is_active": true, "date_joined": "2025-07-26T15:36:39Z", "groups": [2], "user_permissions": [105, 106, 107, 108, 88, 104, 165, 166, 167, 168]}}, {"model": "auth.user", "pk": 7, "fields": {"password": "Pusuqui2024*", "last_login": "2025-07-26T15:38:56Z", "is_superuser": false, "username": "charlyds", "first_name": "Charly", "last_name": "Del Salto", "email": "wrodrigz2009@gmail.com", "is_staff": false, "is_active": true, "date_joined": "2025-07-26T15:38:39Z", "groups": [2], "user_permissions": [105, 106, 107, 108, 88, 104, 165, 166, 167, 168]}}, {"model": "auth.user", "pk": 8, "fields": {"password": "Pusuqui2024*", "last_login": "2025-07-26T15:39:46Z", "is_superuser": false, "username": "dacurio", "first_name": "Dario", "last_name": "Acurio", "email": "wrodrigz2009@gmail.com", "is_staff": false, "is_active": true, "date_joined": "2025-07-26T15:39:38Z", "groups": [2], "user_permissions": [105, 106, 107, 108, 88, 104, 165, 166, 167, 168]}}, {"model": "auth.user", "pk": 9, "fields": {"password": "Pusuqui2024*", "last_login": "2025-07-26T15:40:24Z", "is_superuser": false, "username": "jzambrano", "first_name": "Jenny", "last_name": "Zambrano", "email": "wrodrigz2009@gmail.com", "is_staff": false, "is_active": true, "date_joined": "2025-07-26T15:40:18Z", "groups": [2], "user_permissions": []}}, {"model": "auth.user", "pk": 10, "fields": {"password": "Pusuqui2024*", "last_login": "2025-07-26T15:40:54Z", "is_superuser": false, "username": "jcherrera", "first_name": "Julio CÚsar", "last_name": "Herrera", "email": "wrodrigz2009@gmail.com", "is_staff": false, "is_active": true, "date_joined": "2025-07-26T15:40:49Z", "groups": [2], "user_permissions": [105, 106, 107, 108, 88, 104, 165, 166, 167, 168]}}, {"model": "auth.user", "pk": 11, "fields": {"password": "Pusuqui2024*", "last_login": "2025-07-26T15:41:36Z", "is_superuser": false, "username": "lecordova", "first_name": "Luis Eduardo", "last_name": "C¾rdova", "email": "wrodrigz2009@gmail.com", "is_staff": false, "is_active": true, "date_joined": "2025-07-26T15:41:32Z", "groups": [2], "user_permissions": [105, 106, 107, 108, 88, 104, 165, 166, 167, 168]}}, {"model": "auth.user", "pk": 12, "fields": {"password": "Pusuqui2024*", "last_login": "2025-07-26T15:42:39Z", "is_superuser": false, "username": "mtroya", "first_name": "Marco", "last_name": "Troya", "email": "wrodrigz2009@gmail.com", "is_staff": false, "is_active": true, "date_joined": "2025-07-26T15:42:34Z", "groups": [2], "user_permissions": [105, 106, 107, 108, 88, 104, 165, 166, 167, 168]}}, {"model": "auth.user", "pk": 13, "fields": {"password": "Pusuqui2024*", "last_login": "2025-07-26T15:43:10Z", "is_superuser": false, "username": "svillarreal", "first_name": "Sarita", "last_name": "Villarreal", "email": "wrodrigz2009@gmail.com", "is_staff": false, "is_active": true, "date_joined": "2025-07-26T15:43:07Z", "groups": [2], "user_permissions": [105, 106, 107, 108, 88, 104, 165, 166, 167, 168]}}, {"model": "auth.user", "pk": 14, "fields": {"password": "pbkdf2_sha256$870000$cGOghRmEs7ct53Rcd4lEaz$RXiXinrZo73N23sdho0uC2EnkoECNrfLldcShnsc4Bw=", "last_login": "2025-07-26T15:43:35Z", "is_superuser": false, "username": "scuenca", "first_name": "Susana", "last_name": "Cuenca", "email": "wrodrigz2009@gmail.com", "is_staff": false, "is_active": true, "date_joined": "2025-07-26T15:43:31Z", "groups": [2, 4], "user_permissions": [105, 106, 107, 108, 88, 104, 165, 166, 167, 168, 69, 70, 71, 72, 77, 78, 79, 80, 81, 82, 83, 84, 73, 74, 75, 76, 161, 162, 163, 164, 65, 66, 67, 68, 221, 222, 223, 224, 237, 238, 239, 240, 217, 218, 219, 220, 233, 234, 235, 236, 225, 226, 227, 228, 229, 230, 231, 232]}}, {"model": "auth.user", "pk": 15, "fields": {"password": "Pusuqui2024*", "last_login": "2025-07-26T15:44:28Z", "is_superuser": false, "username": "pmasache", "first_name": "Paul", "last_name": "Masache", "email": "wrodrigz2009@gmail.com", "is_staff": false, "is_active": true, "date_joined": "2025-07-26T15:43:58Z", "groups": [2], "user_permissions": [105, 106, 107, 108, 88, 104, 165, 166, 167, 168]}}, {"model": "auth.user", "pk": 16, "fields": {"password": "Pusuqui2024*", "last_login": "2025-07-27T00:12:13Z", "is_superuser": false, "username": "eante", "first_name": "Elizabeth", "last_name": "Ante", "email": "wrodrigz2009@gmail.com", "is_staff": false, "is_active": true, "date_joined": "2025-07-27T00:11:57Z", "groups": [4], "user_permissions": [45, 46, 47, 48, 61, 62, 63, 64, 57, 58, 59, 60, 49, 50, 51, 52, 41, 42, 43, 44, 37, 38, 39, 40, 29, 30, 31, 32, 157, 158, 159, 160, 25, 26, 27, 28, 33, 34, 35, 36, 53, 54, 55, 56]}}, {"model": "auth.user", "pk": 17, "fields": {"password": "pbkdf2_sha256$870000$bbh9SL0RqvkPfdIvqqrPBf$uIsNihxY2m+HJwX4qgfGSht+ft2We9kV2k6MJ4ky3ik=", "last_login": "2025-07-27T03:18:45.988Z", "is_superuser": false, "username": "vcruz", "first_name": "Viviana", "last_name": "Cruz", "email": "wrodrigz2009@gmail.com", "is_staff": false, "is_active": true, "date_joined": "2025-07-27T00:14:32Z", "groups": [3], "user_permissions": [69, 70, 71, 72, 77, 78, 79, 80, 81, 82, 83, 84, 73, 74, 75, 76, 161, 162, 163, 164, 65, 66, 67, 68]}}, {"model": "auth.user", "pk": 18, "fields": {"password": "pbkdf2_sha256$870000$HO7onbmTkbg0ExdgKNBLNG$EbUFIC0aKZf0bF1H0segLntTpd9LwIdAEisE3vclu2g=", "last_login": null, "is_superuser": false, "username": "jherrerat", "first_name": "Julio CÚsar", "last_name": "Herrera Troya", "email": "wrodrigz2009@gmail.com", "is_staff": false, "is_active": true, "date_joined": "2025-08-05T01:42:29Z", "groups": [8], "user_permissions": [197, 198, 199, 200, 205, 206, 207, 208, 213, 214, 215, 216, 201, 202, 203, 204, 193, 194, 195, 196, 209, 210, 211, 212]}}, {"model": "contenttypes.contenttype", "pk": 1, "fields": {"app_label": "admin", "model": "logentry"}}, {"model": "contenttypes.contenttype", "pk": 2, "fields": {"app_label": "auth", "model": "permission"}}, {"model": "contenttypes.contenttype", "pk": 3, "fields": {"app_label": "auth", "model": "group"}}, {"model": "contenttypes.contenttype", "pk": 4, "fields": {"app_label": "auth", "model": "user"}}, {"model": "contenttypes.contenttype", "pk": 5, "fields": {"app_label": "contenttypes", "model": "contenttype"}}, {"model": "contenttypes.contenttype", "pk": 6, "fields": {"app_label": "sessions", "model": "session"}}, {"model": "contenttypes.contenttype", "pk": 7, "fields": {"app_label": "pusukids", "model": "kid"}}, {"model": "contenttypes.contenttype", "pk": 8, "fields": {"app_label": "pusukids", "model": "groupage"}}, {"model": "contenttypes.contenttype", "pk": 9, "fields": {"app_label": "pusukids", "model": "server"}}, {"model": "contenttypes.contenttype", "pk": 10, "fields": {"app_label": "pusukids", "model": "group"}}, {"model": "contenttypes.contenttype", "pk": 11, "fields": {"app_label": "pusukids", "model": "fecha"}}, {"model": "contenttypes.contenttype", "pk": 12, "fields": {"app_label": "pusukids", "model": "assistance"}}, {"model": "contenttypes.contenttype", "pk": 13, "fields": {"app_label": "pusukids", "model": "expense"}}, {"model": "contenttypes.contenttype", "pk": 14, "fields": {"app_label": "pusukids", "model": "weekinfo"}}, {"model": "contenttypes.contenttype", "pk": 15, "fields": {"app_label": "pusukids", "model": "coordinator"}}, {"model": "contenttypes.contenttype", "pk": 16, "fields": {"app_label": "pusukids", "model": "child"}}, {"model": "contenttypes.contenttype", "pk": 17, "fields": {"app_label": "cunakids", "model": "server"}}, {"model": "contenttypes.contenttype", "pk": 18, "fields": {"app_label": "cunakids", "model": "assistance"}}, {"model": "contenttypes.contenttype", "pk": 19, "fields": {"app_label": "cunakids", "model": "group"}}, {"model": "contenttypes.contenttype", "pk": 20, "fields": {"app_label": "cunakids", "model": "child"}}, {"model": "contenttypes.contenttype", "pk": 21, "fields": {"app_label": "cunakids", "model": "coordinator"}}, {"model": "contenttypes.contenttype", "pk": 22, "fields": {"app_label": "academia", "model": "course"}}, {"model": "contenttypes.contenttype", "pk": 23, "fields": {"app_label": "academia", "model": "student"}}, {"model": "contenttypes.contenttype", "pk": 24, "fields": {"app_label": "academia", "model": "subject"}}, {"model": "contenttypes.contenttype", "pk": 25, "fields": {"app_label": "academia", "model": "teacher"}}, {"model": "contenttypes.contenttype", "pk": 26, "fields": {"app_label": "academia", "model": "enrollment"}}, {"model": "contenttypes.contenttype", "pk": 27, "fields": {"app_label": "academia", "model": "attendancelog"}}, {"model": "contenttypes.contenttype", "pk": 28, "fields": {"app_label": "encuentros", "model": "meetingparticipant"}}, {"model": "contenttypes.contenttype", "pk": 29, "fields": {"app_label": "encuentros", "model": "server"}}, {"model": "contenttypes.contenttype", "pk": 30, "fields": {"app_label": "encuentros", "model": "meeting"}}, {"model": "contenttypes.contenttype", "pk": 31, "fields": {"app_label": "encuentros", "model": "summary"}}, {"model": "contenttypes.contenttype", "pk": 32, "fields": {"app_label": "encuentros", "model": "churchdatainfo"}}, {"model": "contenttypes.contenttype", "pk": 33, "fields": {"app_label": "encuentros", "model": "familyparticipantinfo"}}, {"model": "contenttypes.contenttype", "pk": 34, "fields": {"app_label": "encuentros", "model": "financemovements"}}, {"model": "contenttypes.contenttype", "pk": 35, "fields": {"app_label": "encuentros", "model": "participant"}}, {"model": "contenttypes.contenttype", "pk": 36, "fields": {"app_label": "alabanza", "model": "group"}}, {"model": "contenttypes.contenttype", "pk": 37, "fields": {"app_label": "alabanza", "model": "assistance"}}, {"model": "contenttypes.contenttype", "pk": 38, "fields": {"app_label": "alabanza", "model": "server"}}, {"model": "contenttypes.contenttype", "pk": 39, "fields": {"app_label": "alabanza", "model": "coordinator"}}, {"model": "contenttypes.contenttype", "pk": 40, "fields": {"app_label": "pusukids", "model": "groupcoordinator"}}, {"model": "contenttypes.contenttype", "pk": 41, "fields": {"app_label": "cunakids", "model": "groupcoordinator"}}, {"model": "contenttypes.contenttype", "pk": 42, "fields": {"app_label": "academia", "model": "grade"}}, {"model": "contenttypes.contenttype", "pk": 43, "fields": {"app_label": "anfitriones", "model": "group"}}, {"model": "contenttypes.contenttype", "pk": 44, "fields": {"app_label": "anfitriones", "model": "ministry"}}, {"model": "contenttypes.contenttype", "pk": 45, "fields": {"app_label": "anfitriones", "model": "coordinator"}}, {"model": "contenttypes.contenttype", "pk": 46, "fields": {"app_label": "anfitriones", "model": "attendance"}}, {"model": "contenttypes.contenttype", "pk": 47, "fields": {"app_label": "anfitriones", "model": "server"}}, {"model": "contenttypes.contenttype", "pk": 48, "fields": {"app_label": "anfitriones", "model": "assistance"}}, {"model": "contenttypes.contenttype", "pk": 49, "fields": {"app_label": "jap", "model": "groupcoordinator"}}, {"model": "contenttypes.contenttype", "pk": 50, "fields": {"app_label": "jap", "model": "assistance"}}, {"model": "contenttypes.contenttype", "pk": 51, "fields": {"app_label": "jap", "model": "group"}}, {"model": "contenttypes.contenttype", "pk": 52, "fields": {"app_label": "jap", "model": "child"}}, {"model": "contenttypes.contenttype", "pk": 53, "fields": {"app_label": "jap", "model": "server"}}, {"model": "contenttypes.contenttype", "pk": 54, "fields": {"app_label": "jap", "model": "coordinator"}}, {"model": "contenttypes.contenttype", "pk": 55, "fields": {"app_label": "pequediks", "model": "coordinator"}}, {"model": "contenttypes.contenttype", "pk": 56, "fields": {"app_label": "pequediks", "model": "assistance"}}, {"model": "contenttypes.contenttype", "pk": 57, "fields": {"app_label": "pequediks", "model": "groupcoordinator"}}, {"model": "contenttypes.contenttype", "pk": 58, "fields": {"app_label": "pequediks", "model": "server"}}, {"model": "contenttypes.contenttype", "pk": 59, "fields": {"app_label": "pequediks", "model": "group"}}, {"model": "contenttypes.contenttype", "pk": 60, "fields": {"app_label": "pequediks", "model": "child"}}, {"model": "contenttypes.contenttype", "pk": 61, "fields": {"app_label": "jpro", "model": "child"}}, {"model": "contenttypes.contenttype", "pk": 62, "fields": {"app_label": "jpro", "model": "group"}}, {"model": "contenttypes.contenttype", "pk": 63, "fields": {"app_label": "jpro", "model": "coordinator"}}, {"model": "contenttypes.contenttype", "pk": 64, "fields": {"app_label": "jpro", "model": "server"}}, {"model": "contenttypes.contenttype", "pk": 65, "fields": {"app_label": "jpro", "model": "assistance"}}, {"model": "contenttypes.contenttype", "pk": 66, "fields": {"app_label": "jpro", "model": "groupcoordinator"}}, {"model": "sessions.session", "pk": "45m4nprkxirfabcss9965tl9qt9r6kt3", "fields": {"session_data": ".eJxVjMEOwiAQBf-FsyHAAgWP3vsNZIFFqoYmpT0Z_92Q9KDXNzPvzQIeew1Hpy0smV2ZZpffLWJ6UhsgP7DdV57Wtm9L5EPhJ-18XjO9bqf7d1Cx11GTQjVFSsZJZUhnB0qAE9aayXkTvQVDpJQoiJJEAfDOgtcaiinFSfb5AsueNvY:1ufgQt:5izV4Nb2ljgNamDvbBdvAHzb8pM2AwR-1rIyunRsDcU", "expire_date": "2025-08-09T15:03:31.923Z"}}, {"model": "sessions.session", "pk": "77x46uj5qesxe6else3qu7ytcwj7izot", "fields": {"session_data": ".eJxVjDsOwjAQBe_iGllW7MUOJT1nsDb7wQEUS3FSIe5OIqWA9s28eZuM61Ly2mTOI5uLAXP63Qakp0w74AdO92qpTss8DnZX7EGbvVWW1_Vw_wIFW9ne6l1iDsyi1OuZFLsgXhwnUQQATx4ESMBh3KoxeCXqnXaJXeRezOcLK3Y5kA:1ufs8J:ik7W3DtmtvKXgo-Ox43S5c9wA_OrUJNvJvntYvFX8Do", "expire_date": "2025-08-10T03:33:07.546Z"}}, {"model": "sessions.session", "pk": "7hqli29dshf0yusw8s4iyccl62gxp87x", "fields": {"session_data": ".eJxVjDEOwyAQBP9CHSFszmBSpvcb0MEdwUmEJWNXUf4eLLlImi1mZ_ctPO5b9nvl1c8krkKLyy8LGJ9cjoIeWO6LjEvZ1jnIQ5FnW-W0EL9up_t3kLHmtoaOnKOBNWNvHYwaouEeY2MhJWjhRqAQwMZBUVCcFKBJhrlLTtsoPl_7Kjja:1uj6l0:Ou8TzrnhoJu6v9CQJEsnjMEQqvDW6JigMeE--bVeNy0", "expire_date": "2025-08-19T01:46:26.468Z"}}, {"model": "sessions.session", "pk": "872fpcbj03p9d4iafqtqrsmxok4bg96i", "fields": {"session_data": ".eJxVjMEOwiAQBf-FsyHAAgWP3vsNZIFFqoYmpT0Z_92Q9KDXNzPvzQIeew1Hpy0smV2ZZpffLWJ6UhsgP7DdV57Wtm9L5EPhJ-18XjO9bqf7d1Cx11GTQjVFSsZJZUhnB0qAE9aayXkTvQVDpJQoiJJEAfDOgtcaiinFSfb5AsueNvY:1ufgVH:pDTAFi0B6Ma7I8fJNI4-pfVAPKRQ4Z8Q8euoCDkm0w0", "expire_date": "2025-08-09T15:08:03.890Z"}}, {"model": "sessions.session", "pk": "9sxdq7vfv3azbd60v46at7anw0wz3wcl", "fields": {"session_data": ".eJxVjDEOwyAQBP9CHSFszmBSpvcb0MEdwUmEJWNXUf4eLLlImi1mZ_ctPO5b9nvl1c8krkKLyy8LGJ9cjoIeWO6LjEvZ1jnIQ5FnW-W0EL9up_t3kLHmtoaOnKOBNWNvHYwaouEeY2MhJWjhRqAQwMZBUVCcFKBJhrlLTtsoPl_7Kjja:1ufk5d:t9JTAiym6Es9rHFbmm2MN_AFjSalCXAl1QJgdtCkSIQ", "expire_date": "2025-08-09T18:57:49.892Z"}}, {"model": "sessions.session", "pk": "cwcaqs4urtcqk6bbftrwskcdqznwhr57", "fields": {"session_data": ".eJxVjMEOwiAQBf-FsyHAAgWP3vsNZIFFqoYmpT0Z_92Q9KDXNzPvzQIeew1Hpy0smV2ZZpffLWJ6UhsgP7DdV57Wtm9L5EPhJ-18XjO9bqf7d1Cx11GTQjVFSsZJZUhnB0qAE9aayXkTvQVDpJQoiJJEAfDOgtcaiinFSfb5AsueNvY:1ufgdA:TkpKUwF0YIryOXnTk9FYuSXpWBrSccAIfJNJaTEzgO4", "expire_date": "2025-08-09T15:16:12.106Z"}}, {"model": "sessions.session", "pk": "d4o20sl1om939vvvbbt2tkxqq6kydw75", "fields": {"session_data": ".eJxVjDsOwjAQRO_iGlnsxusPJT1nsNY_HECOFCcV4u4kUgqQppr3Zt7C87pUv_Y8-zGJixjE6bcLHJ-57SA9uN0nGae2zGOQuyIP2uVtSvl1Pdy_g8q9bmuMhlUE2qLRoNIlM9gzIhQFzinUylIoCHlQxA7QBuOACTMxF7Li8wWzbTas:1uAqjG:6HUnoAHsdv5t3VAHfjRB9gLsKklJJWGcUbfnvjtN06I", "expire_date": "2025-05-16T13:47:02.501Z"}}, {"model": "sessions.session", "pk": "ghsakmz6tg4qj247ah5ih02r4x3wt5ud", "fields": {"session_data": ".eJxVjMEOwiAQBf-FsyHAAgWP3vsNZIFFqoYmpT0Z_92Q9KDXNzPvzQIeew1Hpy0smV2ZZpffLWJ6UhsgP7DdV57Wtm9L5EPhJ-18XjO9bqf7d1Cx11GTQjVFSsZJZUhnB0qAE9aayXkTvQVDpJQoiJJEAfDOgtcaiinFSfb5AsueNvY:1ufgfy:bpTftaIbkBtuxAqd-PHFu5D9lgrb5gs02DQ1NXPFvVc", "expire_date": "2025-08-09T15:19:06.724Z"}}, {"model": "sessions.session", "pk": "hmtqo90z04eyaufls7h8c8o5o5tw1p8i", "fields": {"session_data": ".eJxVjMEOwiAQBf-FsyHAAgWP3vsNZIFFqoYmpT0Z_92Q9KDXNzPvzQIeew1Hpy0smV2ZZpffLWJ6UhsgP7DdV57Wtm9L5EPhJ-18XjO9bqf7d1Cx11GTQjVFSsZJZUhnB0qAE9aayXkTvQVDpJQoiJJEAfDOgtcaiinFSfb5AsueNvY:1ufgjv:sNQ7UDl-7sUfjRJnQe8dwqevmqZIVeu4DHCrFfIVoWI", "expire_date": "2025-08-09T15:23:11.357Z"}}, {"model": "sessions.session", "pk": "k6jrsrx2x0iva2hmthmtigyy1e5hj82w", "fields": {"session_data": ".eJxVjDsOwjAQBe_iGllW7MUOJT1nsDb7wQEUS3FSIe5OIqWA9s28eZuM61Ly2mTOI5uLAXP63Qakp0w74AdO92qpTss8DnZX7EGbvVWW1_Vw_wIFW9ne6l1iDsyi1OuZFLsgXhwnUQQATx4ESMBh3KoxeCXqnXaJXeRezOcLK3Y5kA:1ufmTj:DgtDhp5EUa7ajsRSDO4TJYzxDqegpfYv3SibuXQkeKo", "expire_date": "2025-08-09T21:30:51.891Z"}}, {"model": "sessions.session", "pk": "nnlnr3rd6etvirtrr0i40u6odut5y5lo", "fields": {"session_data": ".eJxVjMsOwiAQRf-FtSFAecWle7-BzAyMVA0kpV0Z_12bdKHbe865L5FgW2vaRlnSnMVZaHH63RDoUdoO8h3arUvqbV1mlLsiDzrktefyvBzu30GFUb-1Ci4bVDCx42IJ0FhEReTIh4m4BO0JdVQRJsOWMkcg7TgE74wLBsT7AwTiOH4:1tvSjy:TXXD1ysFMc-ZRH7OxqYJzpE26UBN8SDq5vY2Z7D62G0", "expire_date": "2025-04-04T03:08:10.977Z"}}, {"model": "sessions.session", "pk": "odsn6gmjjsr6tz7kqio796gfw5d06en5", "fields": {"session_data": ".eJxVjDEOwyAQBP9CHSFszmBSpvcb0MEdwUmEJWNXUf4eLLlImi1mZ_ctPO5b9nvl1c8krkKLyy8LGJ9cjoIeWO6LjEvZ1jnIQ5FnW-W0EL9up_t3kLHmtoaOnKOBNWNvHYwaouEeY2MhJWjhRqAQwMZBUVCcFKBJhrlLTtsoPl_7Kjja:1uIxna:ATbDq4oIhpelQt34wh7PR7uzPHU-UJ3E-K-b2BTloqw", "expire_date": "2025-06-07T22:57:02.505Z"}}, {"model": "sessions.session", "pk": "t3bn4mi5ne5i2v2tf7ceqsfakwxi5jnj", "fields": {"session_data": ".eJxVjMEOwiAQBf-FsyHAAgWP3vsNZIFFqoYmpT0Z_92Q9KDXNzPvzQIeew1Hpy0smV2ZZpffLWJ6UhsgP7DdV57Wtm9L5EPhJ-18XjO9bqf7d1Cx11GTQjVFSsZJZUhnB0qAE9aayXkTvQVDpJQoiJJEAfDOgtcaiinFSfb5AsueNvY:1ufkNN:CPuUy58xwnT-xwf9BeUBEaeyfChX5claf93n2mrL428", "expire_date": "2025-08-09T19:16:09.201Z"}}, {"model": "sessions.session", "pk": "w0beov9ogc10mkjog3ca5ffw5hs487jo", "fields": {"session_data": ".eJxVjDEOwyAQBP9CHSFszmBSpvcb0MEdwUmEJWNXUf4eLLlImi1mZ_ctPO5b9nvl1c8krkKLyy8LGJ9cjoIeWO6LjEvZ1jnIQ5FnW-W0EL9up_t3kLHmtoaOnKOBNWNvHYwaouEeY2MhJWjhRqAQwMZBUVCcFKBJhrlLTtsoPl_7Kjja:1ujTUQ:mWegcfYVTMzkGVIgvM4Zxaar_dHpG6JUM-Sf9rQNtHU", "expire_date": "2025-08-20T02:02:50.596Z"}}, {"model": "sessions.session", "pk": "y5qdo9obyhmj4gcyrovi795gptwzyhrc", "fields": {"session_data": ".eJxVjMEOwiAQBf-FsyHAAgWP3vsNZIFFqoYmpT0Z_92Q9KDXNzPvzQIeew1Hpy0smV2ZZpffLWJ6UhsgP7DdV57Wtm9L5EPhJ-18XjO9bqf7d1Cx11GTQjVFSsZJZUhnB0qAE9aayXkTvQVDpJQoiJJEAfDOgtcaiinFSfb5AsueNvY:1uflsG:Mj91SNKSI_8wj3LSjZ3s8dJHpHnaOf--JYGJlIS5IGs", "expire_date": "2025-08-09T20:52:08.406Z"}}, {"model": "academia.teacher", "pk": 1, "fields": {"user": 3, "name": "WASHINGTON", "surname": "RODR═GUEZ", "email": "wrodrigz2009@gmail.com", "phone_number": "0998368208"}}, {"model": "academia.teacher", "pk": 2, "fields": {"user": 13, "name": "SARITA", "surname": "VILLAREAL", "email": "saritavilla2812@gmail.com", "phone_number": "0987600508"}}, {"model": "academia.teacher", "pk": 3, "fields": {"user": 8, "name": "DARIO", "surname": "ACURIO", "email": "dacurio@gmail.com", "phone_number": "0987980829"}}, {"model": "academia.teacher", "pk": 4, "fields": {"user": 15, "name": "PAUL", "surname": "MASACHE", "email": "pmasache@gmail.com", "phone_number": "0998615158"}}, {"model": "academia.teacher", "pk": 5, "fields": {"user": 12, "name": "MARCO", "surname": "TROYA", "email": "mtroya@gmail.com", "phone_number": "0980237414"}}, {"model": "academia.teacher", "pk": 6, "fields": {"user": 6, "name": "BELY", "surname": "MORENO", "email": "bmoreno@gmail.com", "phone_number": "0984051032"}}, {"model": "academia.teacher", "pk": 7, "fields": {"user": 10, "name": "JULIO", "surname": "HERRERA", "email": "jherrera@gmail.com", "phone_number": "0984256559"}}, {"model": "academia.teacher", "pk": 8, "fields": {"user": 11, "name": "EDUARDO", "surname": "CORDOVA", "email": "ecordova@gmail.com", "phone_number": "0998769751"}}, {"model": "academia.teacher", "pk": 9, "fields": {"user": 5, "name": "GEOVANNY", "surname": "JACOME", "email": "gjacome@gmail.com", "phone_number": "0984069160"}}, {"model": "academia.student", "pk": 2, "fields": {"name": "JESSICA", "surname": "AVENDAÐO", "email": "javendanio@gmail.com", "phone_number": "9999999999", "date_of_birth": "2025-05-01"}}, {"model": "academia.student", "pk": 3, "fields": {"name": "ELIZABETH", "surname": "ANTE", "email": "eliante@gmail.com", "phone_number": "9999999999", "date_of_birth": "2025-05-01"}}, {"model": "academia.student", "pk": 4, "fields": {"name": "MATHIAS", "surname": "ECHEVERRIA", "email": "mecheverria@gmail.com", "phone_number": "9999999999", "date_of_birth": "2025-05-01"}}, {"model": "academia.student", "pk": 5, "fields": {"name": "SARA CARMITA", "surname": "ESPINOSA", "email": "scespinosa@gmail.com", "phone_number": "9999999999", "date_of_birth": "2025-05-01"}}, {"model": "academia.student", "pk": 6, "fields": {"name": "MELANIE", "surname": "FLORES", "email": "mflores@gmail.com", "phone_number": "9999999999", "date_of_birth": "2025-05-01"}}, {"model": "academia.student", "pk": 7, "fields": {"name": "MARIA EMILIA", "surname": "HERRERA", "email": "mherrera@gmail.com", "phone_number": "9999999999", "date_of_birth": "2025-05-01"}}, {"model": "academia.student", "pk": 8, "fields": {"name": "JOHANNA", "surname": "PARRALES", "email": "jparrales@gmail.com", "phone_number": "9999999999", "date_of_birth": "2025-05-01"}}, {"model": "academia.student", "pk": 9, "fields": {"name": "RUTH CARINA", "surname": "ORTUÐO", "email": "rortunio@gmail.com", "phone_number": "9999999999", "date_of_birth": "2025-05-01"}}, {"model": "academia.student", "pk": 11, "fields": {"name": "DAVID", "surname": "ORTUÐO", "email": "dortunio@gmail.com", "phone_number": "9999999999", "date_of_birth": "2025-05-01"}}, {"model": "academia.student", "pk": 12, "fields": {"name": "MATEO", "surname": "TIPAN", "email": "mtipan@gmail.com", "phone_number": "9999999999", "date_of_birth": "2025-05-01"}}, {"model": "academia.student", "pk": 13, "fields": {"name": "LAURITA", "surname": "PANAM┴", "email": "lpanamß@gmail.com", "phone_number": "9999999999", "date_of_birth": null}}, {"model": "academia.student", "pk": 14, "fields": {"name": "SANTIAGO", "surname": "TROYA", "email": "stroya@gmail.com", "phone_number": "9999999999", "date_of_birth": null}}, {"model": "academia.student", "pk": 15, "fields": {"name": "MADELEINE", "surname": "TROYA", "email": "mtroya@gmail.com", "phone_number": "9999999999", "date_of_birth": null}}, {"model": "academia.student", "pk": 16, "fields": {"name": "EMILIA", "surname": "TIP┴N", "email": "etipßn@gmail.com", "phone_number": "9999999999", "date_of_birth": null}}, {"model": "academia.student", "pk": 17, "fields": {"name": "JOSE LUIS", "surname": "PONTËN", "email": "jpont¾n@gmail.com", "phone_number": "9999999999", "date_of_birth": null}}, {"model": "academia.student", "pk": 18, "fields": {"name": "BEL╔N", "surname": "TORRES", "email": "btorres@gmail.com", "phone_number": "9999999999", "date_of_birth": null}}, {"model": "academia.student", "pk": 19, "fields": {"name": "MARIA JOS╔", "surname": "PATIÐO", "email": "mpati±o@gmail.com", "phone_number": "9999999999", "date_of_birth": null}}, {"model": "academia.student", "pk": 20, "fields": {"name": "C╔SAR", "surname": "VINUEZA", "email": "cvinueza@gmail.com", "phone_number": "9999999999", "date_of_birth": null}}, {"model": "academia.student", "pk": 21, "fields": {"name": "MAGDALENA", "surname": "GUERRA", "email": "mguerra@gmail.com", "phone_number": "9999999999", "date_of_birth": null}}, {"model": "academia.student", "pk": 22, "fields": {"name": "DANNY", "surname": "FREITES", "email": "dfreites@gmail.com", "phone_number": "9999999999", "date_of_birth": null}}, {"model": "academia.student", "pk": 23, "fields": {"name": "NAYKARY", "surname": "SALAZAR", "email": "nsalazar@gmail.com", "phone_number": "9999999999", "date_of_birth": null}}, {"model": "academia.student", "pk": 24, "fields": {"name": "MERCY", "surname": "MAFLA", "email": "mmafla@gmail.com", "phone_number": "9999999999", "date_of_birth": null}}, {"model": "academia.student", "pk": 25, "fields": {"name": "ANDR╔", "surname": "ECHEVERR═A", "email": "aecheverrÝa@gmail.com", "phone_number": "9999999999", "date_of_birth": null}}, {"model": "academia.student", "pk": 26, "fields": {"name": "MALU", "surname": "RAMIREZ", "email": "mramirez@gmail.com", "phone_number": "9999999999", "date_of_birth": null}}, {"model": "academia.student", "pk": 27, "fields": {"name": "GABY", "surname": "LUZURIAGA", "email": "gluzuriaga@gmail.com", "phone_number": "9999999999", "date_of_birth": null}}, {"model": "academia.student", "pk": 28, "fields": {"name": "ANITA", "surname": "QUEVEDO", "email": "aquevedo@gmail.com", "phone_number": "9999999999", "date_of_birth": null}}, {"model": "academia.student", "pk": 29, "fields": {"name": "VIVIANA", "surname": "CRUZ", "email": "vcruz@gmail.com", "phone_number": "9999999999", "date_of_birth": null}}, {"model": "academia.student", "pk": 30, "fields": {"name": "JULISSA", "surname": "LOZA", "email": "jloza@gmail.com", "phone_number": "9999999999", "date_of_birth": null}}, {"model": "academia.student", "pk": 31, "fields": {"name": "BOL═VAR", "surname": "JIM╔NEZ", "email": "bjimÚnez@gmail.com", "phone_number": "9999999999", "date_of_birth": null}}, {"model": "academia.student", "pk": 32, "fields": {"name": "SOLEDAD", "surname": "ASPIAZU", "email": "saspiazu@gmail.com", "phone_number": "9999999999", "date_of_birth": null}}, {"model": "academia.student", "pk": 33, "fields": {"name": "CARLOS", "surname": "MANTILLA", "email": "cmantilla@gmail.com", "phone_number": "9999999999", "date_of_birth": null}}, {"model": "academia.student", "pk": 34, "fields": {"name": "ELEUKARY", "surname": "SALAZAR", "email": "esalazar@gmail.com", "phone_number": "9999999999", "date_of_birth": null}}, {"model": "academia.student", "pk": 35, "fields": {"name": "MANUEL", "surname": "IZURIETA", "email": "mizurieta@gmail.com", "phone_number": "9999999999", "date_of_birth": null}}, {"model": "academia.student", "pk": 36, "fields": {"name": "LESLIE", "surname": "ALBORNOZ", "email": "lalbornoz@gmail.com", "phone_number": "9999999999", "date_of_birth": null}}, {"model": "academia.student", "pk": 37, "fields": {"name": "CAMILA", "surname": "PILATAXI", "email": "cpilataxi@gmail.com", "phone_number": "9999999999", "date_of_birth": null}}, {"model": "academia.student", "pk": 38, "fields": {"name": "JORDY", "surname": "CAJILEMA", "email": "jcajilema@gmail.com", "phone_number": "9999999999", "date_of_birth": null}}, {"model": "academia.student", "pk": 39, "fields": {"name": "DANIELA", "surname": "MAFLA", "email": "dmafla@gmail.com", "phone_number": "9999999999", "date_of_birth": null}}, {"model": "academia.student", "pk": 40, "fields": {"name": "EDUARDO", "surname": "MAFLA", "email": "emafla@gmail.com", "phone_number": "9999999999", "date_of_birth": null}}, {"model": "academia.student", "pk": 41, "fields": {"name": "YOLANDA", "surname": "FLORES", "email": "yflores@gmail.com", "phone_number": "9999999999", "date_of_birth": null}}, {"model": "academia.student", "pk": 42, "fields": {"name": "CARLOS", "surname": "SIZA", "email": "csiza@gmail.com", "phone_number": "9999999999", "date_of_birth": null}}, {"model": "academia.student", "pk": 43, "fields": {"name": "ZOE", "surname": "ACURICO", "email": "zacurico@gmail.com", "phone_number": "9999999999", "date_of_birth": null}}, {"model": "academia.student", "pk": 44, "fields": {"name": "JOSE", "surname": "TENORIO", "email": "jtenorio@gmail.com", "phone_number": "9999999999", "date_of_birth": null}}, {"model": "academia.student", "pk": 45, "fields": {"name": "OLGA", "surname": "CAGUA", "email": "ocagua@gmail.com", "phone_number": "9999999999", "date_of_birth": null}}, {"model": "academia.student", "pk": 46, "fields": {"name": "LILI┴N", "surname": "SUAREZ", "email": "lsuarez@gmail.com", "phone_number": "9999999999", "date_of_birth": null}}, {"model": "academia.student", "pk": 47, "fields": {"name": "JULIO", "surname": "PALACIOS", "email": "jpalacios@gmail.com", "phone_number": "9999999999", "date_of_birth": null}}, {"model": "academia.student", "pk": 48, "fields": {"name": "ANGIE", "surname": "CËRDOVA", "email": "ac¾rdova@gmail.com", "phone_number": "9999999999", "date_of_birth": null}}, {"model": "academia.student", "pk": 49, "fields": {"name": "DIANA", "surname": "GRANADA", "email": "dgranada@gmail.com", "phone_number": "9999999999", "date_of_birth": null}}, {"model": "academia.student", "pk": 50, "fields": {"name": "CARLOS", "surname": "GOMEZ", "email": "cgomez@gmail.com", "phone_number": "9999999999", "date_of_birth": null}}, {"model": "academia.student", "pk": 51, "fields": {"name": "WASHINGTON", "surname": "PADILLA", "email": "wpadilla@gmail.com", "phone_number": "9999999999", "date_of_birth": null}}, {"model": "academia.student", "pk": 52, "fields": {"name": "IRLANDA", "surname": "ERAZO", "email": "ierazo@gmail.com", "phone_number": "999999999", "date_of_birth": null}}, {"model": "academia.subject", "pk": 1, "fields": {"name": "MIS PRIMEROS PASOS", "description": "CURSO DE MIS PRIMEROS PASOS PARA INICIAR LA ACADEMIA BIBLICA", "number_of_lessons": 10}}, {"model": "academia.subject", "pk": 2, "fields": {"name": "NUEVO TESTAMENTO", "description": "CURSO DE NUEVO TESTAMENTO", "number_of_lessons": 8}}, {"model": "academia.subject", "pk": 3, "fields": {"name": "ANTIGUO TESTAMENTO", "description": "CURSO DE ANTIGUO TESTAMENTO\r\nREQUIEE HABER APROBADO EL CURSO DE NUEVO TESTAMENTO", "number_of_lessons": 10}}, {"model": "academia.subject", "pk": 4, "fields": {"name": "VIVIENDO EN PLENITUD", "description": "CURSO DE VIVIENDO EN PLENITUD\r\nREQUIERE HABER APROBADO ANTIGUO TESTAMENTO", "number_of_lessons": 9}}, {"model": "academia.subject", "pk": 5, "fields": {"name": "DOCTRINA 1", "description": "CURSO DE DOCTRINA 1\r\nREQUIERE HABER APROBADO VIVIENDO EN PLENITUD", "number_of_lessons": 8}}, {"model": "academia.subject", "pk": 6, "fields": {"name": "DOCTRINA 2", "description": "CURSO DE DOCTRINIA 2\r\nREQUIERE HABER APROBADO DOCTRINA 1", "number_of_lessons": 8}}, {"model": "academia.course", "pk": 1, "fields": {"subject": 1, "teacher": 2, "academic_period": "CICLO 2 - 2025", "day_of_week": "SUN", "start_time": "08:00:00", "start_date": "2025-05-11", "end_date": "2025-07-07", "is_active": true}}, {"model": "academia.course", "pk": 2, "fields": {"subject": 1, "teacher": 3, "academic_period": "CICLO 2 - 2025", "day_of_week": "WED", "start_time": "19:00:00", "start_date": "2025-05-14", "end_date": "2025-07-09", "is_active": true}}, {"model": "academia.course", "pk": 3, "fields": {"subject": 2, "teacher": 6, "academic_period": "CICLO 2 - 2025", "day_of_week": "WED", "start_time": "19:00:00", "start_date": "2025-05-14", "end_date": "2025-07-09", "is_active": true}}, {"model": "academia.course", "pk": 4, "fields": {"subject": 2, "teacher": 5, "academic_period": "CICLO 2 - 2025", "day_of_week": "SUN", "start_time": "08:00:00", "start_date": "2025-05-11", "end_date": "2025-07-06", "is_active": true}}, {"model": "academia.course", "pk": 5, "fields": {"subject": 3, "teacher": 7, "academic_period": "CICLO 2 - 2025", "day_of_week": "SUN", "start_time": "08:00:00", "start_date": "2025-05-11", "end_date": "2025-07-06", "is_active": true}}, {"model": "academia.course", "pk": 6, "fields": {"subject": 3, "teacher": 7, "academic_period": "CICLO 2 - 2025", "day_of_week": "WED", "start_time": "19:00:00", "start_date": "2025-05-14", "end_date": "2025-07-09", "is_active": true}}, {"model": "academia.course", "pk": 7, "fields": {"subject": 4, "teacher": 8, "academic_period": "CICLO 2 - 2025", "day_of_week": "SUN", "start_time": "08:00:00", "start_date": "2025-05-11", "end_date": "2025-07-06", "is_active": true}}, {"model": "academia.course", "pk": 8, "fields": {"subject": 5, "teacher": 9, "academic_period": "CICLO 2 - 2025", "day_of_week": "SUN", "start_time": "08:00:00", "start_date": "2025-05-11", "end_date": "2025-07-06", "is_active": true}}, {"model": "academia.course", "pk": 9, "fields": {"subject": 5, "teacher": 9, "academic_period": "CICLO 2 - 2025", "day_of_week": "WED", "start_time": "19:00:00", "start_date": "2025-05-14", "end_date": "2025-07-09", "is_active": true}}, {"model": "academia.course", "pk": 10, "fields": {"subject": 6, "teacher": 1, "academic_period": "CICLO 2 - 2025", "day_of_week": "SUN", "start_time": "08:00:00", "start_date": "2025-05-11", "end_date": "2025-07-06", "is_active": true}}, {"model": "academia.enrollment", "pk": 1, "fields": {"student": 3, "course": 10, "enrollment_date": "2025-05-11", "lesson_score": null, "exam_score": null, "status": "ENROLLED"}}, {"model": "academia.enrollment", "pk": 2, "fields": {"student": 2, "course": 10, "enrollment_date": "2025-05-11", "lesson_score": null, "exam_score": null, "status": "ENROLLED"}}, {"model": "academia.enrollment", "pk": 3, "fields": {"student": 4, "course": 10, "enrollment_date": "2025-05-11", "lesson_score": null, "exam_score": null, "status": "ENROLLED"}}, {"model": "academia.enrollment", "pk": 4, "fields": {"student": 5, "course": 10, "enrollment_date": "2025-05-11", "lesson_score": null, "exam_score": null, "status": "ENROLLED"}}, {"model": "academia.enrollment", "pk": 5, "fields": {"student": 6, "course": 10, "enrollment_date": "2025-05-11", "lesson_score": null, "exam_score": null, "status": "ENROLLED"}}, {"model": "academia.enrollment", "pk": 6, "fields": {"student": 7, "course": 10, "enrollment_date": "2025-05-11", "lesson_score": null, "exam_score": null, "status": "ENROLLED"}}, {"model": "academia.enrollment", "pk": 7, "fields": {"student": 11, "course": 10, "enrollment_date": "2025-05-11", "lesson_score": null, "exam_score": null, "status": "ENROLLED"}}, {"model": "academia.enrollment", "pk": 8, "fields": {"student": 9, "course": 10, "enrollment_date": "2025-05-11", "lesson_score": null, "exam_score": null, "status": "ENROLLED"}}, {"model": "academia.enrollment", "pk": 9, "fields": {"student": 8, "course": 10, "enrollment_date": "2025-05-11", "lesson_score": null, "exam_score": null, "status": "ENROLLED"}}, {"model": "academia.enrollment", "pk": 10, "fields": {"student": 12, "course": 10, "enrollment_date": "2025-05-11", "lesson_score": null, "exam_score": null, "status": "ENROLLED"}}, {"model": "academia.enrollment", "pk": 11, "fields": {"student": 13, "course": 5, "enrollment_date": "2025-05-11", "lesson_score": null, "exam_score": null, "status": "ENROLLED"}}, {"model": "academia.enrollment", "pk": 12, "fields": {"student": 14, "course": 5, "enrollment_date": "2025-05-11", "lesson_score": null, "exam_score": null, "status": "ENROLLED"}}, {"model": "academia.enrollment", "pk": 13, "fields": {"student": 15, "course": 5, "enrollment_date": "2025-05-11", "lesson_score": null, "exam_score": null, "status": "ENROLLED"}}, {"model": "academia.enrollment", "pk": 14, "fields": {"student": 16, "course": 5, "enrollment_date": "2025-05-11", "lesson_score": null, "exam_score": null, "status": "ENROLLED"}}, {"model": "academia.enrollment", "pk": 15, "fields": {"student": 17, "course": 5, "enrollment_date": "2025-05-11", "lesson_score": null, "exam_score": null, "status": "ENROLLED"}}, {"model": "academia.enrollment", "pk": 16, "fields": {"student": 18, "course": 5, "enrollment_date": "2025-07-02", "lesson_score": null, "exam_score": null, "status": "ENROLLED"}}, {"model": "academia.enrollment", "pk": 17, "fields": {"student": 19, "course": 5, "enrollment_date": "2025-07-02", "lesson_score": null, "exam_score": null, "status": "ENROLLED"}}, {"model": "academia.enrollment", "pk": 18, "fields": {"student": 20, "course": 5, "enrollment_date": "2025-07-02", "lesson_score": null, "exam_score": null, "status": "ENROLLED"}}, {"model": "academia.enrollment", "pk": 19, "fields": {"student": 21, "course": 5, "enrollment_date": "2025-07-02", "lesson_score": null, "exam_score": null, "status": "ENROLLED"}}, {"model": "academia.enrollment", "pk": 20, "fields": {"student": 22, "course": 6, "enrollment_date": "2025-07-02", "lesson_score": null, "exam_score": null, "status": "ENROLLED"}}, {"model": "academia.enrollment", "pk": 21, "fields": {"student": 23, "course": 6, "enrollment_date": "2025-07-02", "lesson_score": null, "exam_score": null, "status": "ENROLLED"}}, {"model": "academia.enrollment", "pk": 22, "fields": {"student": 24, "course": 6, "enrollment_date": "2025-07-02", "lesson_score": null, "exam_score": null, "status": "ENROLLED"}}, {"model": "academia.enrollment", "pk": 23, "fields": {"student": 25, "course": 6, "enrollment_date": "2025-07-02", "lesson_score": null, "exam_score": null, "status": "ENROLLED"}}, {"model": "academia.enrollment", "pk": 24, "fields": {"student": 26, "course": 8, "enrollment_date": "2025-07-02", "lesson_score": null, "exam_score": null, "status": "ENROLLED"}}, {"model": "academia.enrollment", "pk": 25, "fields": {"student": 27, "course": 8, "enrollment_date": "2025-07-02", "lesson_score": null, "exam_score": null, "status": "ENROLLED"}}, {"model": "academia.enrollment", "pk": 26, "fields": {"student": 28, "course": 8, "enrollment_date": "2025-07-02", "lesson_score": null, "exam_score": null, "status": "ENROLLED"}}, {"model": "academia.enrollment", "pk": 27, "fields": {"student": 29, "course": 9, "enrollment_date": "2025-07-02", "lesson_score": null, "exam_score": null, "status": "ENROLLED"}}, {"model": "academia.enrollment", "pk": 28, "fields": {"student": 30, "course": 9, "enrollment_date": "2025-07-02", "lesson_score": null, "exam_score": null, "status": "ENROLLED"}}, {"model": "academia.enrollment", "pk": 29, "fields": {"student": 49, "course": 8, "enrollment_date": "2025-07-02", "lesson_score": null, "exam_score": null, "status": "ENROLLED"}}, {"model": "academia.enrollment", "pk": 30, "fields": {"student": 50, "course": 9, "enrollment_date": "2025-07-02", "lesson_score": null, "exam_score": null, "status": "ENROLLED"}}, {"model": "academia.enrollment", "pk": 31, "fields": {"student": 31, "course": 1, "enrollment_date": "2025-07-02", "lesson_score": null, "exam_score": null, "status": "ENROLLED"}}, {"model": "academia.enrollment", "pk": 32, "fields": {"student": 32, "course": 1, "enrollment_date": "2025-07-02", "lesson_score": null, "exam_score": null, "status": "ENROLLED"}}, {"model": "academia.enrollment", "pk": 33, "fields": {"student": 33, "course": 1, "enrollment_date": "2025-07-02", "lesson_score": null, "exam_score": null, "status": "ENROLLED"}}, {"model": "academia.enrollment", "pk": 34, "fields": {"student": 34, "course": 1, "enrollment_date": "2025-07-02", "lesson_score": null, "exam_score": null, "status": "ENROLLED"}}, {"model": "academia.enrollment", "pk": 35, "fields": {"student": 36, "course": 4, "enrollment_date": "2025-07-02", "lesson_score": null, "exam_score": null, "status": "ENROLLED"}}, {"model": "academia.enrollment", "pk": 36, "fields": {"student": 37, "course": 4, "enrollment_date": "2025-07-02", "lesson_score": null, "exam_score": null, "status": "ENROLLED"}}, {"model": "academia.enrollment", "pk": 37, "fields": {"student": 38, "course": 4, "enrollment_date": "2025-07-02", "lesson_score": null, "exam_score": null, "status": "ENROLLED"}}, {"model": "academia.enrollment", "pk": 38, "fields": {"student": 39, "course": 4, "enrollment_date": "2025-07-02", "lesson_score": null, "exam_score": null, "status": "ENROLLED"}}, {"model": "academia.enrollment", "pk": 39, "fields": {"student": 40, "course": 4, "enrollment_date": "2025-07-02", "lesson_score": null, "exam_score": null, "status": "ENROLLED"}}, {"model": "academia.enrollment", "pk": 40, "fields": {"student": 41, "course": 4, "enrollment_date": "2025-07-02", "lesson_score": null, "exam_score": null, "status": "ENROLLED"}}, {"model": "academia.enrollment", "pk": 41, "fields": {"student": 42, "course": 4, "enrollment_date": "2025-07-02", "lesson_score": null, "exam_score": null, "status": "ENROLLED"}}, {"model": "academia.enrollment", "pk": 42, "fields": {"student": 43, "course": 3, "enrollment_date": "2025-07-02", "lesson_score": null, "exam_score": null, "status": "ENROLLED"}}, {"model": "academia.enrollment", "pk": 43, "fields": {"student": 44, "course": 3, "enrollment_date": "2025-07-02", "lesson_score": null, "exam_score": null, "status": "ENROLLED"}}, {"model": "academia.enrollment", "pk": 44, "fields": {"student": 45, "course": 3, "enrollment_date": "2025-07-02", "lesson_score": null, "exam_score": null, "status": "ENROLLED"}}, {"model": "academia.enrollment", "pk": 45, "fields": {"student": 46, "course": 3, "enrollment_date": "2025-07-02", "lesson_score": null, "exam_score": null, "status": "ENROLLED"}}, {"model": "academia.enrollment", "pk": 46, "fields": {"student": 48, "course": 7, "enrollment_date": "2025-07-02", "lesson_score": null, "exam_score": null, "status": "ENROLLED"}}, {"model": "academia.enrollment", "pk": 47, "fields": {"student": 47, "course": 7, "enrollment_date": "2025-07-02", "lesson_score": null, "exam_score": null, "status": "ENROLLED"}}, {"model": "academia.enrollment", "pk": 48, "fields": {"student": 52, "course": 2, "enrollment_date": "2025-07-03", "lesson_score": null, "exam_score": null, "status": "ENROLLED"}}, {"model": "academia.enrollment", "pk": 49, "fields": {"student": 51, "course": 2, "enrollment_date": "2025-07-03", "lesson_score": null, "exam_score": null, "status": "ENROLLED"}}, {"model": "academia.attendancelog", "pk": 1, "fields": {"enrollment": 1, "lesson_date": "2025-05-11", "lesson_number": 1, "is_present": true, "notes": ""}}, {"model": "academia.attendancelog", "pk": 2, "fields": {"enrollment": 2, "lesson_date": "2025-05-11", "lesson_number": 1, "is_present": true, "notes": ""}}, {"model": "academia.attendancelog", "pk": 3, "fields": {"enrollment": 3, "lesson_date": "2025-05-11", "lesson_number": 1, "is_present": true, "notes": ""}}, {"model": "academia.attendancelog", "pk": 4, "fields": {"enrollment": 4, "lesson_date": "2025-05-11", "lesson_number": 1, "is_present": true, "notes": ""}}, {"model": "academia.attendancelog", "pk": 5, "fields": {"enrollment": 5, "lesson_date": "2025-05-11", "lesson_number": 1, "is_present": true, "notes": ""}}, {"model": "academia.attendancelog", "pk": 6, "fields": {"enrollment": 6, "lesson_date": "2025-05-11", "lesson_number": 1, "is_present": true, "notes": ""}}, {"model": "academia.attendancelog", "pk": 7, "fields": {"enrollment": 7, "lesson_date": "2025-05-11", "lesson_number": 1, "is_present": true, "notes": ""}}, {"model": "academia.attendancelog", "pk": 8, "fields": {"enrollment": 8, "lesson_date": "2025-05-11", "lesson_number": 1, "is_present": true, "notes": ""}}, {"model": "academia.attendancelog", "pk": 9, "fields": {"enrollment": 9, "lesson_date": "2025-05-11", "lesson_number": 1, "is_present": true, "notes": ""}}, {"model": "academia.attendancelog", "pk": 10, "fields": {"enrollment": 10, "lesson_date": "2025-05-11", "lesson_number": 1, "is_present": true, "notes": ""}}, {"model": "academia.attendancelog", "pk": 11, "fields": {"enrollment": 1, "lesson_date": "2025-05-18", "lesson_number": 2, "is_present": true, "notes": ""}}, {"model": "academia.attendancelog", "pk": 12, "fields": {"enrollment": 2, "lesson_date": "2025-05-18", "lesson_number": 2, "is_present": true, "notes": ""}}, {"model": "academia.attendancelog", "pk": 13, "fields": {"enrollment": 3, "lesson_date": "2025-05-18", "lesson_number": 2, "is_present": true, "notes": ""}}, {"model": "academia.attendancelog", "pk": 14, "fields": {"enrollment": 4, "lesson_date": "2025-05-18", "lesson_number": 2, "is_present": true, "notes": ""}}, {"model": "academia.attendancelog", "pk": 15, "fields": {"enrollment": 5, "lesson_date": "2025-05-18", "lesson_number": 2, "is_present": true, "notes": "No asiste por servicio en la alabanza"}}, {"model": "academia.attendancelog", "pk": 16, "fields": {"enrollment": 6, "lesson_date": "2025-05-18", "lesson_number": 2, "is_present": true, "notes": ""}}, {"model": "academia.attendancelog", "pk": 17, "fields": {"enrollment": 7, "lesson_date": "2025-05-18", "lesson_number": 2, "is_present": true, "notes": ""}}, {"model": "academia.attendancelog", "pk": 18, "fields": {"enrollment": 8, "lesson_date": "2025-05-18", "lesson_number": 2, "is_present": true, "notes": ""}}, {"model": "academia.attendancelog", "pk": 19, "fields": {"enrollment": 9, "lesson_date": "2025-05-18", "lesson_number": 2, "is_present": true, "notes": ""}}, {"model": "academia.attendancelog", "pk": 20, "fields": {"enrollment": 10, "lesson_date": "2025-05-18", "lesson_number": 2, "is_present": true, "notes": ""}}, {"model": "academia.attendancelog", "pk": 21, "fields": {"enrollment": 46, "lesson_date": "2025-06-29", "lesson_number": 6, "is_present": true, "notes": ""}}, {"model": "academia.attendancelog", "pk": 22, "fields": {"enrollment": 47, "lesson_date": "2025-06-29", "lesson_number": 6, "is_present": true, "notes": ""}}, {"model": "academia.attendancelog", "pk": 23, "fields": {"enrollment": 1, "lesson_date": "2025-07-13", "lesson_number": 7, "is_present": true, "notes": ""}}, {"model": "academia.attendancelog", "pk": 24, "fields": {"enrollment": 2, "lesson_date": "2025-07-13", "lesson_number": 7, "is_present": true, "notes": ""}}, {"model": "academia.attendancelog", "pk": 25, "fields": {"enrollment": 3, "lesson_date": "2025-07-13", "lesson_number": 7, "is_present": true, "notes": ""}}, {"model": "academia.attendancelog", "pk": 26, "fields": {"enrollment": 4, "lesson_date": "2025-07-13", "lesson_number": 7, "is_present": false, "notes": ""}}, {"model": "academia.attendancelog", "pk": 27, "fields": {"enrollment": 5, "lesson_date": "2025-07-13", "lesson_number": 7, "is_present": true, "notes": ""}}, {"model": "academia.attendancelog", "pk": 28, "fields": {"enrollment": 6, "lesson_date": "2025-07-13", "lesson_number": 7, "is_present": true, "notes": ""}}, {"model": "academia.attendancelog", "pk": 29, "fields": {"enrollment": 7, "lesson_date": "2025-07-13", "lesson_number": 7, "is_present": true, "notes": ""}}, {"model": "academia.attendancelog", "pk": 30, "fields": {"enrollment": 8, "lesson_date": "2025-07-13", "lesson_number": 7, "is_present": true, "notes": ""}}, {"model": "academia.attendancelog", "pk": 31, "fields": {"enrollment": 9, "lesson_date": "2025-07-13", "lesson_number": 7, "is_present": true, "notes": ""}}, {"model": "academia.attendancelog", "pk": 32, "fields": {"enrollment": 10, "lesson_date": "2025-07-13", "lesson_number": 7, "is_present": false, "notes": ""}}, {"model": "academia.grade", "pk": 1, "fields": {"enrollment": 1, "lesson_number": 1, "grade": "100.00", "grade_type": "Leccion"}}, {"model": "academia.grade", "pk": 2, "fields": {"enrollment": 2, "lesson_number": 1, "grade": "100.00", "grade_type": "Leccion"}}, {"model": "academia.grade", "pk": 3, "fields": {"enrollment": 3, "lesson_number": 1, "grade": "100.00", "grade_type": "Leccion"}}, {"model": "academia.grade", "pk": 4, "fields": {"enrollment": 4, "lesson_number": 1, "grade": "100.00", "grade_type": "Leccion"}}, {"model": "academia.grade", "pk": 5, "fields": {"enrollment": 5, "lesson_number": 1, "grade": "100.00", "grade_type": "Leccion"}}, {"model": "academia.grade", "pk": 6, "fields": {"enrollment": 6, "lesson_number": 1, "grade": "100.00", "grade_type": "Leccion"}}, {"model": "academia.grade", "pk": 7, "fields": {"enrollment": 7, "lesson_number": 1, "grade": "100.00", "grade_type": "Leccion"}}, {"model": "academia.grade", "pk": 8, "fields": {"enrollment": 8, "lesson_number": 1, "grade": "100.00", "grade_type": "Leccion"}}, {"model": "academia.grade", "pk": 9, "fields": {"enrollment": 9, "lesson_number": 1, "grade": "100.00", "grade_type": "Leccion"}}, {"model": "academia.grade", "pk": 10, "fields": {"enrollment": 10, "lesson_number": 1, "grade": "100.00", "grade_type": "Leccion"}}, {"model": "academia.grade", "pk": 11, "fields": {"enrollment": 1, "lesson_number": 7, "grade": "100.00", "grade_type": "Leccion"}}, {"model": "academia.grade", "pk": 12, "fields": {"enrollment": 2, "lesson_number": 7, "grade": "100.00", "grade_type": "Leccion"}}, {"model": "academia.grade", "pk": 13, "fields": {"enrollment": 3, "lesson_number": 7, "grade": "100.00", "grade_type": "Leccion"}}, {"model": "academia.grade", "pk": 14, "fields": {"enrollment": 4, "lesson_number": 7, "grade": "100.00", "grade_type": "Leccion"}}, {"model": "academia.grade", "pk": 15, "fields": {"enrollment": 5, "lesson_number": 7, "grade": "100.00", "grade_type": "Leccion"}}, {"model": "academia.grade", "pk": 16, "fields": {"enrollment": 6, "lesson_number": 7, "grade": "50.00", "grade_type": "Leccion"}}, {"model": "academia.grade", "pk": 17, "fields": {"enrollment": 7, "lesson_number": 7, "grade": "100.00", "grade_type": "Leccion"}}, {"model": "academia.grade", "pk": 18, "fields": {"enrollment": 8, "lesson_number": 7, "grade": "100.00", "grade_type": "Leccion"}}, {"model": "academia.grade", "pk": 19, "fields": {"enrollment": 9, "lesson_number": 7, "grade": "100.00", "grade_type": "Leccion"}}, {"model": "academia.grade", "pk": 20, "fields": {"enrollment": 10, "lesson_number": 7, "grade": "0.00", "grade_type": "Leccion"}}, {"model": "alabanza.coordinator", "pk": 1, "fields": {"name": "MELANIE", "surname": "FLORES"}}, {"model": "alabanza.coordinator", "pk": 2, "fields": {"name": "CHARLY", "surname": "DEL SALTO"}}, {"model": "alabanza.coordinator", "pk": 3, "fields": {"name": "PAUL", "surname": "MASACHE"}}, {"model": "alabanza.group", "pk": 1, "fields": {"name": "GRUPO 1", "description": "GRUPO DE SERVIDORES LIDERADOS POR MELANIE FLORES"}}, {"model": "alabanza.group", "pk": 2, "fields": {"name": "GRUPO 2", "description": "GRUPO DE SERVIDORES LIDERADOS POR CHARLY DEL SALTO"}}, {"model": "alabanza.group", "pk": 3, "fields": {"name": "GRUPO 3", "description": "GRUPO DE SERVIDORES LIDERADOS POR PAUL MASACHE"}}, {"model": "alabanza.server", "pk": 1, "fields": {"name": "EMILY", "surname": "RODRIGUEZ", "coordinator": 2, "group": 2}}, {"model": "alabanza.server", "pk": 2, "fields": {"name": "WLADIMIR", "surname": "CASTELLANOS", "coordinator": 3, "group": 3}}, {"model": "alabanza.server", "pk": 3, "fields": {"name": "DANNY", "surname": "FREITES", "coordinator": 1, "group": 1}}, {"model": "alabanza.assistance", "pk": 1, "fields": {"server": 1, "date": "2025-06-15", "attended": true}}, {"model": "alabanza.assistance", "pk": 2, "fields": {"server": 2, "date": "2025-06-15", "attended": true}}, {"model": "alabanza.assistance", "pk": 3, "fields": {"server": 3, "date": "2025-06-15", "attended": true}}, {"model": "alabanza.assistance", "pk": 4, "fields": {"server": 1, "date": "2025-06-15", "attended": true}}, {"model": "alabanza.assistance", "pk": 5, "fields": {"server": 2, "date": "2025-06-15", "attended": true}}, {"model": "alabanza.assistance", "pk": 6, "fields": {"server": 3, "date": "2025-06-15", "attended": true}}, {"model": "alabanza.assistance", "pk": 7, "fields": {"server": 1, "date": "2025-06-15", "attended": true}}, {"model": "alabanza.assistance", "pk": 8, "fields": {"server": 2, "date": "2025-06-15", "attended": true}}, {"model": "alabanza.assistance", "pk": 9, "fields": {"server": 3, "date": "2025-06-15", "attended": true}}, {"model": "anfitriones.coordinator", "pk": 1, "fields": {"name": "EDUARDO", "surname": "CORDOVA"}}, {"model": "anfitriones.coordinator", "pk": 2, "fields": {"name": "JAVIER", "surname": "RUIZ"}}, {"model": "anfitriones.group", "pk": 1, "fields": {"name": "GRUPO 1", "description": "GRUPO DE SERVIDORES DE EDUARDO CORDOVA"}}, {"model": "anfitriones.group", "pk": 2, "fields": {"name": "GRUPO 2", "description": "GRUPO DE SERVIDORES DE JAVIER RUIZ"}}, {"model": "anfitriones.server", "pk": 1, "fields": {"name": "GABRIELA", "surname": "LUZURIAGA", "coordinator": 1, "group": 1}}, {"model": "anfitriones.ministry", "pk": 1, "fields": {"name": "CUNA KIDS", "description": "MINISTERIO CUNAKIDS"}}, {"model": "anfitriones.ministry", "pk": 2, "fields": {"name": "PUSUKIDS 4 A 7", "description": "MINISTERIO DE NIÐOS DE 4 A 7 AÐOS"}}, {"model": "anfitriones.ministry", "pk": 3, "fields": {"name": "JOVENES", "description": "MINISTERIO DE JOVENES"}}, {"model": "anfitriones.ministry", "pk": 4, "fields": {"name": "BAR", "description": "MINISTERIO DE COCINA - BAR"}}, {"model": "anfitriones.ministry", "pk": 5, "fields": {"name": "ANFITRIONES", "description": "MINISTERIO DE ANFITRIONES"}}, {"model": "anfitriones.ministry", "pk": 6, "fields": {"name": "ALABANZA-MULTIME", "description": "MINISTERIO DE ALABANZA Y MULTIMEDIA"}}, {"model": "anfitriones.ministry", "pk": 7, "fields": {"name": "VARIOS", "description": "PARA REGISTRO DE AUTOS"}}, {"model": "anfitriones.ministry", "pk": 8, "fields": {"name": "TEMPLO", "description": "PERSONAS QUE ASISTEN AL CULTO DOMINICAL"}}, {"model": "anfitriones.ministry", "pk": 9, "fields": {"name": "PUSUKIDS 8 A 11", "description": "NIÐOS DE 8 A 11 AÐOS"}}, {"model": "anfitriones.assistance", "pk": 1, "fields": {"server": 1, "date": "2025-05-26", "starthour": "09:30:00", "service": "PRI", "attended": true}}, {"model": "anfitriones.attendance", "pk": 1, "fields": {"coordinator": 2, "group": 2, "ministry": 8, "date": "2025-06-29", "attended": true, "adults": 103, "youngs": 4, "children": 2, "autos": 0, "note": "PERSONAS DENTRO DEL TEMPLO"}}, {"model": "anfitriones.attendance", "pk": 2, "fields": {"coordinator": 2, "group": 2, "ministry": 1, "date": "2025-06-29", "attended": true, "adults": 2, "youngs": 2, "children": 7, "autos": 0, "note": "PERSONAS SIRVIENDO EN SALA CUNA"}}, {"model": "anfitriones.attendance", "pk": 3, "fields": {"coordinator": 2, "group": 2, "ministry": 2, "date": "2025-06-29", "attended": true, "adults": 1, "youngs": 1, "children": 13, "autos": 0, "note": ""}}, {"model": "anfitriones.attendance", "pk": 4, "fields": {"coordinator": 2, "group": 2, "ministry": 9, "date": "2025-06-29", "attended": true, "adults": 2, "youngs": 1, "children": 17, "autos": 0, "note": ""}}, {"model": "anfitriones.attendance", "pk": 5, "fields": {"coordinator": 2, "group": 2, "ministry": 3, "date": "2025-06-29", "attended": true, "adults": 2, "youngs": 10, "children": 0, "autos": 0, "note": ""}}, {"model": "anfitriones.attendance", "pk": 6, "fields": {"coordinator": 2, "group": 2, "ministry": 4, "date": "2025-06-29", "attended": true, "adults": 2, "youngs": 0, "children": 0, "autos": 0, "note": ""}}, {"model": "anfitriones.attendance", "pk": 7, "fields": {"coordinator": 2, "group": 2, "ministry": 5, "date": "2025-06-29", "attended": true, "adults": 8, "youngs": 0, "children": 0, "autos": 0, "note": ""}}, {"model": "anfitriones.attendance", "pk": 8, "fields": {"coordinator": 2, "group": 2, "ministry": 6, "date": "2025-06-29", "attended": true, "adults": 6, "youngs": 3, "children": 0, "autos": 0, "note": ""}}, {"model": "anfitriones.attendance", "pk": 9, "fields": {"coordinator": 2, "group": 2, "ministry": 7, "date": "2025-06-29", "attended": false, "adults": 0, "youngs": 0, "children": 0, "autos": 41, "note": ""}}, {"model": "cunakids.coordinator", "pk": 1, "fields": {"user": 14, "name": "SUSANA", "surname": "CUENCA"}}, {"model": "cunakids.coordinator", "pk": 2, "fields": {"user": null, "name": "NATALY", "surname": "LOPEZ"}}, {"model": "cunakids.coordinator", "pk": 3, "fields": {"user": 17, "name": "VIVIANA", "surname": "CRUZ"}}, {"model": "cunakids.group", "pk": 1, "fields": {"name": "GRUPO 1", "description": "PRIMER GRUPO DE SERVIDORES"}}, {"model": "cunakids.group", "pk": 2, "fields": {"name": "GRUPO 2", "description": "SEGUNDO GRUPO DE SERVIDORES"}}, {"model": "cunakids.server", "pk": 1, "fields": {"name": "MARIA EMILIA", "surname": "HERRERA", "coordinator": 1, "group": 1}}, {"model": "cunakids.server", "pk": 2, "fields": {"name": "MADELINE", "surname": "TROYA", "coordinator": 1, "group": 1}}, {"model": "cunakids.server", "pk": 3, "fields": {"name": "SANTIAGO", "surname": "TROYA", "coordinator": 1, "group": 1}}, {"model": "cunakids.server", "pk": 4, "fields": {"name": "SUSANA", "surname": "CUENCA", "coordinator": 1, "group": 1}}, {"model": "cunakids.server", "pk": 5, "fields": {"name": "VIVIANA", "surname": "CRUZ", "coordinator": 3, "group": 2}}, {"model": "cunakids.server", "pk": 6, "fields": {"name": "DIANA", "surname": "GRANADA", "coordinator": 3, "group": 2}}, {"model": "cunakids.server", "pk": 7, "fields": {"name": "DANIELA", "surname": "MAFLA", "coordinator": 3, "group": 2}}, {"model": "cunakids.server", "pk": 8, "fields": {"name": "RUTH CARINA", "surname": "ORTUÐO", "coordinator": 3, "group": 2}}, {"model": "cunakids.child", "pk": 1, "fields": {"name": "AARON", "surname": "ENRIQUEZ", "birthday": "2022-05-02", "parent_name": "HOMERO ENRIQUEZ", "contact_phone": "0998115157", "status": "promovido"}}, {"model": "cunakids.child", "pk": 2, "fields": {"name": "ANITA SOF═A", "surname": "MASACHE QUEVEDO", "birthday": "2022-05-23", "parent_name": "PAUL MASACHE", "contact_phone": "0998615158", "status": "promovido"}}, {"model": "cunakids.child", "pk": 3, "fields": {"name": "ELIAS", "surname": "ALBAN", "birthday": "2022-02-01", "parent_name": "JOSE ALBAN", "contact_phone": "0996017041", "status": "promovido"}}, {"model": "cunakids.child", "pk": 4, "fields": {"name": "SANTINO", "surname": "MARMOL", "birthday": "2023-06-01", "parent_name": "SR. MARMOL", "contact_phone": "9999999999", "status": "activo"}}, {"model": "cunakids.child", "pk": 5, "fields": {"name": "SAMI", "surname": "GOMEZ", "birthday": "2023-12-01", "parent_name": "CARLOS GOMEZ", "contact_phone": "0981872331", "status": "activo"}}, {"model": "cunakids.child", "pk": 6, "fields": {"name": "JULIO", "surname": "CANCHIG", "birthday": "2024-04-01", "parent_name": "RODRIGO CANCHIG", "contact_phone": "9999999999", "status": "activo"}}, {"model": "cunakids.child", "pk": 8, "fields": {"name": "CARLOS", "surname": "ROMERO", "birthday": "2020-06-01", "parent_name": "CARLOS ROMERO", "contact_phone": "9999999999", "status": "activo"}}, {"model": "cunakids.child", "pk": 9, "fields": {"name": "REBECA", "surname": "ROMERO", "birthday": "2024-04-01", "parent_name": "CARLOS ROMERO", "contact_phone": "9999999999", "status": "activo"}}, {"model": "cunakids.child", "pk": 10, "fields": {"name": "IKKER", "surname": "SIN INF", "birthday": "2021-06-01", "parent_name": "SIN INF", "contact_phone": "9999999999", "status": "activo"}}, {"model": "cunakids.child", "pk": 11, "fields": {"name": "SARITA", "surname": "SIN INF", "birthday": "2024-05-01", "parent_name": "SIN INF", "contact_phone": "9999999999", "status": "activo"}}, {"model": "cunakids.assistance", "pk": 1, "fields": {"child": 3, "date": "2025-06-29", "group": 2, "coordinator": 3, "attended": true}}, {"model": "cunakids.assistance", "pk": 2, "fields": {"child": 6, "date": "2025-06-29", "group": 2, "coordinator": 3, "attended": true}}, {"model": "cunakids.assistance", "pk": 3, "fields": {"child": 1, "date": "2025-06-29", "group": 2, "coordinator": 3, "attended": true}}, {"model": "cunakids.assistance", "pk": 4, "fields": {"child": 5, "date": "2025-06-29", "group": 2, "coordinator": 3, "attended": true}}, {"model": "cunakids.assistance", "pk": 5, "fields": {"child": 4, "date": "2025-06-29", "group": 2, "coordinator": 3, "attended": true}}, {"model": "cunakids.assistance", "pk": 6, "fields": {"child": 2, "date": "2025-06-29", "group": 2, "coordinator": 3, "attended": true}}, {"model": "cunakids.assistance", "pk": 7, "fields": {"child": 8, "date": "2025-06-29", "group": 2, "coordinator": 3, "attended": true}}, {"model": "cunakids.assistance", "pk": 8, "fields": {"child": 9, "date": "2025-06-29", "group": 2, "coordinator": 3, "attended": true}}, {"model": "cunakids.groupcoordinator", "pk": 1, "fields": {"group": 1, "coordinator": 1}}, {"model": "cunakids.groupcoordinator", "pk": 2, "fields": {"group": 2, "coordinator": 3}}, {"model": "encuentros.meeting", "pk": 1, "fields": {"code": "EV-202505", "type": "M", "description": "ENCUENTRO DE VARONES 2025\r\n31 DE MAYO DEL 2025", "date": "2025-05-31"}}, {"model": "encuentros.server", "pk": 1, "fields": {"first_name": "WASHINGTON", "last_name": "RODRIGUEZ", "phone_number": "0998368208"}}, {"model": "encuentros.server", "pk": 2, "fields": {"first_name": "PAUL", "last_name": "MASACHE", "phone_number": "0998615158"}}, {"model": "encuentros.server", "pk": 3, "fields": {"first_name": "DANNY", "last_name": "FREITES", "phone_number": "0984217603"}}, {"model": "encuentros.server", "pk": 4, "fields": {"first_name": "WLADIMIR", "last_name": "CASTELLANOS", "phone_number": "0992745352"}}, {"model": "pusukids.coordinator", "pk": 1, "fields": {"user": null, "name": "WASHINGTON", "surname": "RODRIGUEZ"}}, {"model": "pusukids.coordinator", "pk": 2, "fields": {"user": null, "name": "NAYKARY", "surname": "SALAZAR"}}, {"model": "pusukids.group", "pk": 1, "fields": {"name": "GRUPO 1", "description": "GRUPO 1"}}, {"model": "pusukids.group", "pk": 2, "fields": {"name": "GRUPO 2", "description": "GRUPO 2"}}, {"model": "pusukids.group", "pk": 3, "fields": {"name": "TEST", "description": "USUARIO TEST"}}, {"model": "pusukids.server", "pk": 1, "fields": {"name": "WASHINGTON", "surname": "RODRIGUEZ", "coordinator": 1, "group": 1}}, {"model": "pusukids.server", "pk": 2, "fields": {"name": "MARIA DE LOURDES", "surname": "RAMIREZ", "coordinator": 1, "group": 1}}, {"model": "pusukids.server", "pk": 3, "fields": {"name": "SARITA", "surname": "ESPINOSA", "coordinator": 1, "group": 1}}, {"model": "pusukids.server", "pk": 4, "fields": {"name": "JESSICA", "surname": "AVENDANIO", "coordinator": 1, "group": 1}}, {"model": "pusukids.server", "pk": 5, "fields": {"name": "DAVID", "surname": "ORTUNIO", "coordinator": 1, "group": 1}}, {"model": "pusukids.server", "pk": 6, "fields": {"name": "ELIANA", "surname": "RUIZ", "coordinator": 1, "group": 1}}, {"model": "pusukids.server", "pk": 7, "fields": {"name": "NAYKARY", "surname": "SALAZAR", "coordinator": 2, "group": 2}}, {"model": "pusukids.server", "pk": 8, "fields": {"name": "ANITA", "surname": "QUEVEDO", "coordinator": 2, "group": 2}}, {"model": "pusukids.server", "pk": 9, "fields": {"name": "ELIZABETH", "surname": "ANTE", "coordinator": 2, "group": 2}}, {"model": "pusukids.server", "pk": 10, "fields": {"name": "MATEO", "surname": "TIPAN", "coordinator": 2, "group": 2}}, {"model": "pusukids.server", "pk": 11, "fields": {"name": "ANGELY", "surname": "JACOME", "coordinator": 2, "group": 2}}, {"model": "pusukids.server", "pk": 12, "fields": {"name": "EMILY", "surname": "RODRIGUEZ", "coordinator": 1, "group": 1}}, {"model": "pusukids.groupage", "pk": 1, "fields": {"name": "5 to 7", "description": "kids from 5 to 7 years"}}, {"model": "pusukids.groupage", "pk": 2, "fields": {"name": "8 to 9", "description": "kids from 8 to 9 years"}}, {"model": "pusukids.groupage", "pk": 3, "fields": {"name": "10 to 11", "description": "kids from 10 to 11 years"}}, {"model": "pusukids.groupage", "pk": 4, "fields": {"name": "ND", "description": "NO DEFINIDO"}}, {"model": "pusukids.child", "pk": 1, "fields": {"name": "ABIGAIL", "surname": "ABARCA", "birthday": "2018-01-11", "groupage": 1, "parent_name": "CRISTIAN ABARCA", "contact_phone": "099 706 9518", "status": "activo"}}, {"model": "pusukids.child", "pk": 2, "fields": {"name": "KEREN", "surname": "ACURIO", "birthday": "1999-01-01", "groupage": 1, "parent_name": "DARIO ACURIO", "contact_phone": "9999999999", "status": "activo"}}, {"model": "pusukids.child", "pk": 3, "fields": {"name": "ISAAC", "surname": "AGUIÐO", "birthday": "2013-08-15", "groupage": 3, "parent_name": "MAYRA SANCHEZ", "contact_phone": "9999999999", "status": "activo"}}, {"model": "pusukids.child", "pk": 5, "fields": {"name": "AMELIA", "surname": "AGUIRRE", "birthday": "1999-01-01", "groupage": 2, "parent_name": "ELIZABETH GARZON", "contact_phone": "099 588 8387", "status": "activo"}}, {"model": "pusukids.child", "pk": 6, "fields": {"name": "ELIAS", "surname": "ALBAN", "birthday": "1999-01-01", "groupage": 4, "parent_name": "JOSE LUIS ALBAN", "contact_phone": "099 6017041", "status": "activo"}}, {"model": "pusukids.child", "pk": 7, "fields": {"name": "JOSE EMILIANO", "surname": "ALBAN", "birthday": "2018-11-28", "groupage": 1, "parent_name": "JOSE LUIS ALBAN", "contact_phone": "099 6017041", "status": "activo"}}, {"model": "pusukids.child", "pk": 8, "fields": {"name": "ELENA", "surname": "ARMIJOS", "birthday": "2015-02-15", "groupage": 3, "parent_name": "DAYSI TUFIÐO", "contact_phone": "099 879 1575", "status": "activo"}}, {"model": "pusukids.child", "pk": 9, "fields": {"name": "JUAN STEPHANO", "surname": "ASTUDILLO", "birthday": "1999-01-01", "groupage": 2, "parent_name": "", "contact_phone": "9999999999", "status": "activo"}}, {"model": "pusukids.child", "pk": 10, "fields": {"name": "DAVID", "surname": "BALSECA", "birthday": "2018-09-07", "groupage": 1, "parent_name": "ANDREA CAMICO", "contact_phone": "098 4108880", "status": "activo"}}, {"model": "pusukids.child", "pk": 11, "fields": {"name": "ERICK", "surname": "BARRERA", "birthday": "2018-05-15", "groupage": 1, "parent_name": "CRISTINA CABRERA", "contact_phone": "099 616 5279", "status": "activo"}}, {"model": "pusukids.child", "pk": 13, "fields": {"name": "SHAYMI", "surname": "CACHIGUANO", "birthday": "1999-01-01", "groupage": 4, "parent_name": "", "contact_phone": "9999999999", "status": "activo"}}, {"model": "pusukids.child", "pk": 14, "fields": {"name": "RODRIGO ISAAC", "surname": "CANCHIG", "birthday": "2019-02-01", "groupage": 1, "parent_name": "RODRIGO CANCHIG", "contact_phone": "6715603708", "status": "activo"}}, {"model": "pusukids.child", "pk": 15, "fields": {"name": "JULIAN", "surname": "CASTELLANOS", "birthday": "1999-01-01", "groupage": 2, "parent_name": "CASTELLANOS WLADIMIR ", "contact_phone": "09 9274 5352", "status": "activo"}}, {"model": "pusukids.child", "pk": 16, "fields": {"name": "SARITA", "surname": "CEVALLOS", "birthday": "1999-01-01", "groupage": 2, "parent_name": "MARIA CEVALLOS", "contact_phone": "099 733 6302", "status": "activo"}}, {"model": "pusukids.child", "pk": 18, "fields": {"name": "EMILIO", "surname": "CHAVEZ", "birthday": "2016-03-29", "groupage": 2, "parent_name": "DANIELA PROAÐO", "contact_phone": "098 422082", "status": "activo"}}, {"model": "pusukids.child", "pk": 19, "fields": {"name": "DOMINIC", "surname": "CHO", "birthday": "1999-01-01", "groupage": 1, "parent_name": "NATALIA AGUILERA", "contact_phone": "098 490 814", "status": "activo"}}, {"model": "pusukids.child", "pk": 20, "fields": {"name": "EMMA", "surname": "COLOMA", "birthday": "2018-06-14", "groupage": 1, "parent_name": "CARLOS COLOMA", "contact_phone": "0987 173891", "status": "activo"}}, {"model": "pusukids.child", "pk": 21, "fields": {"name": "SAMI HERMANO", "surname": "CRUZ", "birthday": "2017-10-16", "groupage": 1, "parent_name": "PATRICIA PALMA", "contact_phone": "099 563 7262", "status": "activo"}}, {"model": "pusukids.child", "pk": 22, "fields": {"name": "SAMI", "surname": "CRUZ", "birthday": "2015-09-05", "groupage": 2, "parent_name": "PATRICIA PALMA", "contact_phone": "09 9563 7262", "status": "activo"}}, {"model": "pusukids.child", "pk": 23, "fields": {"name": "ANTONELLA", "surname": "ENRIQUEZ", "birthday": "2014-11-07", "groupage": 3, "parent_name": "CECILIA RIVADENEIRA", "contact_phone": "098 539 2112", "status": "activo"}}, {"model": "pusukids.child", "pk": 24, "fields": {"name": "HADY", "surname": "ESCALANTE", "birthday": "2020-03-06", "groupage": 1, "parent_name": "", "contact_phone": "9999999999", "status": "activo"}}, {"model": "pusukids.child", "pk": 26, "fields": {"name": "JOAHO", "surname": "ESPAÐA", "birthday": "1999-01-01", "groupage": 3, "parent_name": "", "contact_phone": "9999999999", "status": "activo"}}, {"model": "pusukids.child", "pk": 27, "fields": {"name": "JOSHEP", "surname": "ESPIN", "birthday": "1999-01-01", "groupage": 4, "parent_name": "", "contact_phone": "9999999999", "status": "activo"}}, {"model": "pusukids.child", "pk": 29, "fields": {"name": "LEONEL", "surname": "ESPINOZA", "birthday": "2017-12-04", "groupage": 1, "parent_name": "LORENA ESPINOZA", "contact_phone": "099 608 4836", "status": "activo"}}, {"model": "pusukids.child", "pk": 30, "fields": {"name": "SAMUEL", "surname": "FERREIRA", "birthday": "2017-04-06", "groupage": 1, "parent_name": "NANCY CORDAVA", "contact_phone": "09 9868 6587", "status": "activo"}}, {"model": "pusukids.child", "pk": 31, "fields": {"name": "SAMUEL", "surname": "FLORES", "birthday": "2013-12-11", "groupage": 3, "parent_name": "KARINA PAREDES", "contact_phone": "099 9872087", "status": "activo"}}, {"model": "pusukids.child", "pk": 33, "fields": {"name": "JEREMIAS", "surname": "FREITEZ", "birthday": "2016-10-22", "groupage": 2, "parent_name": "NAYKARY SALAZAR", "contact_phone": "987391241", "status": "activo"}}, {"model": "pusukids.child", "pk": 34, "fields": {"name": "NICOLAS", "surname": "GALINDO", "birthday": "1999-01-01", "groupage": 4, "parent_name": "", "contact_phone": "9999999999", "status": "activo"}}, {"model": "pusukids.child", "pk": 35, "fields": {"name": "ISAAC", "surname": "GALLEGOS", "birthday": "1999-01-01", "groupage": 1, "parent_name": "", "contact_phone": "9999999999", "status": "activo"}}, {"model": "pusukids.child", "pk": 36, "fields": {"name": "IVAN", "surname": "GARCIA", "birthday": "1999-01-01", "groupage": 3, "parent_name": "MANUEL GARCIA", "contact_phone": "098 404 988", "status": "activo"}}, {"model": "pusukids.child", "pk": 38, "fields": {"name": "MATEWS", "surname": "GUERRERO", "birthday": "1999-01-01", "groupage": 4, "parent_name": "", "contact_phone": "9999999999", "status": "activo"}}, {"model": "pusukids.child", "pk": 39, "fields": {"name": "ALEJANDRO", "surname": "HERMOSA", "birthday": "2017-09-08", "groupage": 1, "parent_name": "ALEX HERMOSA", "contact_phone": "098 7932726", "status": "activo"}}, {"model": "pusukids.child", "pk": 40, "fields": {"name": "MARIA EMILIA", "surname": "HERRERA", "birthday": "2013-08-14", "groupage": 3, "parent_name": "MARIA AUGUSTA TORRES", "contact_phone": "09 8425 6560", "status": "activo"}}, {"model": "pusukids.child", "pk": 41, "fields": {"name": "JADEN", "surname": "IZA", "birthday": "1999-01-01", "groupage": 4, "parent_name": "", "contact_phone": "9999999999", "status": "activo"}}, {"model": "pusukids.child", "pk": 43, "fields": {"name": "VALESKA ISABELLE", "surname": "JARAMILLO", "birthday": "2013-07-04", "groupage": 3, "parent_name": "PRISCILA ROMERO", "contact_phone": "099 761 3669", "status": "activo"}}, {"model": "pusukids.child", "pk": 44, "fields": {"name": "KEILA", "surname": "JIMENEZ", "birthday": "2014-06-23", "groupage": 3, "parent_name": "", "contact_phone": "9999999999", "status": "activo"}}, {"model": "pusukids.child", "pk": 45, "fields": {"name": "EMANUEL", "surname": "LAGOS", "birthday": "2019-11-27", "groupage": 1, "parent_name": "DIANA SALTOS", "contact_phone": "0984474380", "status": "activo"}}, {"model": "pusukids.child", "pk": 47, "fields": {"name": "LUIS", "surname": "LOJA", "birthday": "2016-09-21", "groupage": 2, "parent_name": "LUIS LOJA", "contact_phone": "9999999999", "status": "activo"}}, {"model": "pusukids.child", "pk": 48, "fields": {"name": "GABRIEL", "surname": "LUJE", "birthday": "2017-05-20", "groupage": 1, "parent_name": "PATRICIO PATIÐO", "contact_phone": "098 4248460", "status": "activo"}}, {"model": "pusukids.child", "pk": 49, "fields": {"name": "ADRIAN", "surname": "MAFLA", "birthday": "1999-01-01", "groupage": 1, "parent_name": "ANGELICA RODRIGUEZ", "contact_phone": "099 274 5656", "status": "activo"}}, {"model": "pusukids.child", "pk": 50, "fields": {"name": "MAYTE", "surname": "MALEZA", "birthday": "2013-10-10", "groupage": 3, "parent_name": "VIVIANA DE MALEZA", "contact_phone": "0992509744", "status": "activo"}}, {"model": "pusukids.child", "pk": 51, "fields": {"name": "PABLO", "surname": "MASACHE", "birthday": "2016-09-21", "groupage": 2, "parent_name": "ANA QUEVEDO", "contact_phone": "099255403", "status": "activo"}}, {"model": "pusukids.child", "pk": 52, "fields": {"name": "JOAQUIN", "surname": "MEJIA", "birthday": "1999-01-01", "groupage": 4, "parent_name": "VALERIA ERAZO", "contact_phone": "0984933763", "status": "activo"}}, {"model": "pusukids.child", "pk": 54, "fields": {"name": "ALEJANDRO", "surname": "MENDEZ", "birthday": "2013-06-23", "groupage": 3, "parent_name": "DANIELA SEVILLA", "contact_phone": "9999999999", "status": "activo"}}, {"model": "pusukids.child", "pk": 55, "fields": {"name": "IYAD", "surname": "MOHAMED-NEAZIS", "birthday": "1999-01-01", "groupage": 2, "parent_name": "LIZETH CRUZ", "contact_phone": "09 9850 7945", "status": "activo"}}, {"model": "pusukids.child", "pk": 56, "fields": {"name": "SOFIA", "surname": "MORETA", "birthday": "1999-01-01", "groupage": 4, "parent_name": "MIREYA TICSE", "contact_phone": "9999999999", "status": "activo"}}, {"model": "pusukids.child", "pk": 57, "fields": {"name": "AGUSTIN", "surname": "NARANJO", "birthday": "1999-01-01", "groupage": 4, "parent_name": "KEYLA PUETATE", "contact_phone": "0987277583", "status": "activo"}}, {"model": "pusukids.child", "pk": 58, "fields": {"name": "RAFAELA", "surname": "NUÐEZ", "birthday": "2013-01-13", "groupage": 3, "parent_name": "VICTORIA CACERES", "contact_phone": "9999999999", "status": "activo"}}, {"model": "pusukids.child", "pk": 59, "fields": {"name": "STEFANNY", "surname": "OLVERA", "birthday": "2017-02-01", "groupage": 2, "parent_name": "FERNANDA FLORES", "contact_phone": "9999999999", "status": "activo"}}, {"model": "pusukids.child", "pk": 60, "fields": {"name": "SAMI", "surname": "OROPESA", "birthday": "1999-01-01", "groupage": 2, "parent_name": "JEFRI OROPEZA", "contact_phone": "099 170 9258", "status": "activo"}}, {"model": "pusukids.child", "pk": 61, "fields": {"name": "CAMILO", "surname": "PALACIOS", "birthday": "2015-04-13", "groupage": 2, "parent_name": "JULIO PALACIOS", "contact_phone": "098 744 3582", "status": "activo"}}, {"model": "pusukids.child", "pk": 62, "fields": {"name": "AMELIE", "surname": "PANTA", "birthday": "1999-01-01", "groupage": 4, "parent_name": "VICENTE PANTA", "contact_phone": "9999999999", "status": "activo"}}, {"model": "pusukids.child", "pk": 63, "fields": {"name": "SAMUEL", "surname": "PANTOJA", "birthday": "2016-03-06", "groupage": 2, "parent_name": "TANIA MEDINA", "contact_phone": "9999999999", "status": "activo"}}, {"model": "pusukids.child", "pk": 64, "fields": {"name": "JUAN MARTIN", "surname": "PANTOJA", "birthday": "2020-04-09", "groupage": 1, "parent_name": "TANIA MEDINA", "contact_phone": "9999999999", "status": "activo"}}, {"model": "pusukids.child", "pk": 65, "fields": {"name": "ABIGAIL", "surname": "PAZMIÐO", "birthday": "1999-01-01", "groupage": 2, "parent_name": "ALEXANDRA MALDONADO", "contact_phone": "099 621 9125", "status": "activo"}}, {"model": "pusukids.child", "pk": 66, "fields": {"name": "MARTIN", "surname": "PERALTA", "birthday": "1999-01-01", "groupage": 4, "parent_name": "HELEN VEINTIMILLA", "contact_phone": "0987825287", "status": "activo"}}, {"model": "pusukids.child", "pk": 67, "fields": {"name": "ANA PAULA", "surname": "PERALVO", "birthday": "1999-01-01", "groupage": 2, "parent_name": "NUVIA MEJIA", "contact_phone": "099 811 9031", "status": "activo"}}, {"model": "pusukids.child", "pk": 68, "fields": {"name": "SANTIAGO", "surname": "PEREIRA", "birthday": "1999-01-01", "groupage": 4, "parent_name": "", "contact_phone": "9999999999", "status": "activo"}}, {"model": "pusukids.child", "pk": 69, "fields": {"name": "SOFIA", "surname": "PEREZ", "birthday": "1999-01-01", "groupage": 4, "parent_name": "VICTOR PEREZ", "contact_phone": "0995851193", "status": "activo"}}, {"model": "pusukids.child", "pk": 71, "fields": {"name": "GAEL", "surname": "PILA", "birthday": "2017-11-13", "groupage": 1, "parent_name": "ELY ANTE", "contact_phone": "098 063 2044", "status": "activo"}}, {"model": "pusukids.child", "pk": 72, "fields": {"name": "LUCIANA", "surname": "PINCHAO", "birthday": "2013-06-21", "groupage": 3, "parent_name": "AMELIA CACERES", "contact_phone": "098 7259 253", "status": "activo"}}, {"model": "pusukids.child", "pk": 73, "fields": {"name": "IGNACIO", "surname": "PONTON", "birthday": "2017-11-09", "groupage": 1, "parent_name": "JOSE LUIS PONTON", "contact_phone": "9999999999", "status": "activo"}}, {"model": "pusukids.child", "pk": 75, "fields": {"name": "MILA", "surname": "QUINTANA", "birthday": "2013-09-04", "groupage": 3, "parent_name": "MALU RAMIREZ", "contact_phone": "099 8775495", "status": "activo"}}, {"model": "pusukids.child", "pk": 76, "fields": {"name": "MARINA", "surname": "RODRIGUEZ", "birthday": "1999-01-01", "groupage": 1, "parent_name": "", "contact_phone": "9999999999", "status": "activo"}}, {"model": "pusukids.child", "pk": 79, "fields": {"name": "RAFAELA", "surname": "ROMERO", "birthday": "2014-04-12", "groupage": 3, "parent_name": "PATRICIA CARRION", "contact_phone": "099 135 6252", "status": "activo"}}, {"model": "pusukids.child", "pk": 80, "fields": {"name": "JORDY", "surname": "SUAREZ", "birthday": "2015-06-05", "groupage": 2, "parent_name": "YADIRA ENRIQUEZ", "contact_phone": "098 466 5737", "status": "activo"}}, {"model": "pusukids.child", "pk": 81, "fields": {"name": "DARIANA", "surname": "TAMAYO", "birthday": "2013-06-01", "groupage": 3, "parent_name": "ELENA MALES", "contact_phone": "9999999999", "status": "activo"}}, {"model": "pusukids.child", "pk": 82, "fields": {"name": "ANGELIA", "surname": "TEJADA", "birthday": "1999-01-01", "groupage": 2, "parent_name": "SANDRA TEJADA", "contact_phone": " 099 974 1882", "status": "activo"}}, {"model": "pusukids.child", "pk": 83, "fields": {"name": "MATHIAS", "surname": "TEJADA", "birthday": "1999-01-01", "groupage": 1, "parent_name": "SANDRA TEJADA", "contact_phone": "099 974 1882", "status": "activo"}}, {"model": "pusukids.child", "pk": 84, "fields": {"name": "EMILIA", "surname": "TIPAN", "birthday": "2013-08-03", "groupage": 3, "parent_name": "ELY ANTE", "contact_phone": "098 063 2044", "status": "activo"}}, {"model": "pusukids.child", "pk": 85, "fields": {"name": "MATEO", "surname": "TOLEDO", "birthday": "2015-07-23", "groupage": 2, "parent_name": "JOHANA PARRALES", "contact_phone": "096 057 4936", "status": "activo"}}, {"model": "pusukids.child", "pk": 86, "fields": {"name": "DOMENICA", "surname": "TORRES", "birthday": "1999-01-01", "groupage": 1, "parent_name": "GEOMAIRA PINCAY", "contact_phone": "098 831 3399", "status": "activo"}}, {"model": "pusukids.child", "pk": 87, "fields": {"name": "EITHAN", "surname": "TOVAR", "birthday": "2019-05-24", "groupage": 1, "parent_name": "HELEN RODRIGUEZ", "contact_phone": "098 3220093", "status": "activo"}}, {"model": "pusukids.child", "pk": 88, "fields": {"name": "EMILIO", "surname": "ULLOA", "birthday": "2015-10-01", "groupage": 2, "parent_name": "SILVANA CAZAR", "contact_phone": "098 788 5650", "status": "activo"}}, {"model": "pusukids.child", "pk": 89, "fields": {"name": "LIAM", "surname": "VELASTEGUI", "birthday": "2015-09-24", "groupage": 2, "parent_name": "ELIANA GIRALDO", "contact_phone": "099 0927719", "status": "activo"}}, {"model": "pusukids.child", "pk": 91, "fields": {"name": "JUAN A.", "surname": "VILLARREAL", "birthday": "1999-01-01", "groupage": 1, "parent_name": "", "contact_phone": "9999999999", "status": "activo"}}, {"model": "pusukids.child", "pk": 92, "fields": {"name": "ABIGAIL", "surname": "VINUEZA", "birthday": "2015-10-14", "groupage": 2, "parent_name": "MA. JOSE PATIÐO", "contact_phone": "0998011623", "status": "activo"}}, {"model": "pusukids.child", "pk": 93, "fields": {"name": "SAMUEL", "surname": "VINUEZA", "birthday": "2018-05-05", "groupage": 1, "parent_name": "MA. JOSE PATIÐO", "contact_phone": "0998011623", "status": "activo"}}, {"model": "pusukids.child", "pk": 94, "fields": {"name": "DANA", "surname": "ARIAS", "birthday": "2015-06-01", "groupage": 2, "parent_name": "SIN INFORMACION", "contact_phone": "9999999999", "status": "activo"}}, {"model": "pusukids.fecha", "pk": 1, "fields": {"date": "2024-12-29", "week_no": 52}}, {"model": "pusukids.fecha", "pk": 2, "fields": {"date": "2025-01-05", "week_no": 1}}, {"model": "pusukids.fecha", "pk": 3, "fields": {"date": "2025-01-12", "week_no": 2}}, {"model": "pusukids.fecha", "pk": 4, "fields": {"date": "2025-01-19", "week_no": 3}}, {"model": "pusukids.fecha", "pk": 5, "fields": {"date": "2025-01-26", "week_no": 4}}, {"model": "pusukids.fecha", "pk": 6, "fields": {"date": "2025-02-02", "week_no": 5}}, {"model": "pusukids.fecha", "pk": 7, "fields": {"date": "2025-02-09", "week_no": 6}}, {"model": "pusukids.fecha", "pk": 8, "fields": {"date": "2025-02-16", "week_no": 7}}, {"model": "pusukids.fecha", "pk": 9, "fields": {"date": "2025-02-23", "week_no": 8}}, {"model": "pusukids.fecha", "pk": 10, "fields": {"date": "2025-03-02", "week_no": 9}}, {"model": "pusukids.fecha", "pk": 11, "fields": {"date": "2025-03-09", "week_no": 10}}, {"model": "pusukids.fecha", "pk": 12, "fields": {"date": "2025-03-16", "week_no": 11}}, {"model": "pusukids.fecha", "pk": 13, "fields": {"date": "2025-03-23", "week_no": 12}}, {"model": "pusukids.fecha", "pk": 14, "fields": {"date": "2025-03-30", "week_no": 13}}, {"model": "pusukids.fecha", "pk": 15, "fields": {"date": "2025-04-06", "week_no": 14}}, {"model": "pusukids.fecha", "pk": 16, "fields": {"date": "2025-04-13", "week_no": 15}}, {"model": "pusukids.fecha", "pk": 17, "fields": {"date": "2025-04-20", "week_no": 16}}, {"model": "pusukids.fecha", "pk": 18, "fields": {"date": "2025-04-27", "week_no": 17}}, {"model": "pusukids.fecha", "pk": 19, "fields": {"date": "2025-05-04", "week_no": 18}}, {"model": "pusukids.fecha", "pk": 20, "fields": {"date": "2025-05-11", "week_no": 19}}, {"model": "pusukids.fecha", "pk": 21, "fields": {"date": "2025-05-18", "week_no": 20}}, {"model": "pusukids.fecha", "pk": 22, "fields": {"date": "2025-05-25", "week_no": 21}}, {"model": "pusukids.fecha", "pk": 23, "fields": {"date": "2025-06-01", "week_no": 22}}, {"model": "pusukids.fecha", "pk": 24, "fields": {"date": "2025-06-08", "week_no": 23}}, {"model": "pusukids.fecha", "pk": 25, "fields": {"date": "2025-06-15", "week_no": 24}}, {"model": "pusukids.fecha", "pk": 26, "fields": {"date": "2025-06-22", "week_no": 25}}, {"model": "pusukids.fecha", "pk": 27, "fields": {"date": "2025-06-29", "week_no": 26}}, {"model": "pusukids.fecha", "pk": 28, "fields": {"date": "2025-07-06", "week_no": 27}}, {"model": "pusukids.fecha", "pk": 29, "fields": {"date": "2025-07-13", "week_no": 28}}, {"model": "pusukids.fecha", "pk": 30, "fields": {"date": "2025-07-20", "week_no": 29}}, {"model": "pusukids.fecha", "pk": 31, "fields": {"date": "2025-07-27", "week_no": 30}}, {"model": "pusukids.fecha", "pk": 32, "fields": {"date": "2025-08-03", "week_no": 31}}, {"model": "pusukids.fecha", "pk": 33, "fields": {"date": "2025-08-10", "week_no": 32}}, {"model": "pusukids.fecha", "pk": 34, "fields": {"date": "2025-08-17", "week_no": 33}}, {"model": "pusukids.fecha", "pk": 35, "fields": {"date": "2025-08-24", "week_no": 34}}, {"model": "pusukids.fecha", "pk": 36, "fields": {"date": "2025-08-31", "week_no": 35}}, {"model": "pusukids.fecha", "pk": 37, "fields": {"date": "2025-09-07", "week_no": 36}}, {"model": "pusukids.fecha", "pk": 38, "fields": {"date": "2025-09-14", "week_no": 37}}, {"model": "pusukids.fecha", "pk": 39, "fields": {"date": "2025-09-21", "week_no": 38}}, {"model": "pusukids.fecha", "pk": 40, "fields": {"date": "2025-09-28", "week_no": 39}}, {"model": "pusukids.fecha", "pk": 41, "fields": {"date": "2025-10-05", "week_no": 40}}, {"model": "pusukids.fecha", "pk": 42, "fields": {"date": "2025-10-12", "week_no": 41}}, {"model": "pusukids.fecha", "pk": 43, "fields": {"date": "2025-10-19", "week_no": 42}}, {"model": "pusukids.fecha", "pk": 44, "fields": {"date": "2025-10-26", "week_no": 43}}, {"model": "pusukids.fecha", "pk": 45, "fields": {"date": "2025-11-02", "week_no": 44}}, {"model": "pusukids.fecha", "pk": 46, "fields": {"date": "2025-11-09", "week_no": 45}}, {"model": "pusukids.fecha", "pk": 47, "fields": {"date": "2025-11-16", "week_no": 46}}, {"model": "pusukids.fecha", "pk": 48, "fields": {"date": "2025-11-23", "week_no": 47}}, {"model": "pusukids.fecha", "pk": 49, "fields": {"date": "2025-11-30", "week_no": 48}}, {"model": "pusukids.fecha", "pk": 50, "fields": {"date": "2025-12-07", "week_no": 49}}, {"model": "pusukids.fecha", "pk": 51, "fields": {"date": "2025-12-14", "week_no": 50}}, {"model": "pusukids.fecha", "pk": 52, "fields": {"date": "2025-12-21", "week_no": 51}}, {"model": "pusukids.fecha", "pk": 53, "fields": {"date": "2025-12-28", "week_no": 52}}, {"model": "pusukids.fecha", "pk": 54, "fields": {"date": "2026-01-04", "week_no": 1}}, {"model": "pusukids.fecha", "pk": 55, "fields": {"date": "2026-01-11", "week_no": 2}}, {"model": "pusukids.fecha", "pk": 56, "fields": {"date": "2026-01-18", "week_no": 3}}, {"model": "pusukids.fecha", "pk": 57, "fields": {"date": "2026-01-25", "week_no": 4}}, {"model": "pusukids.fecha", "pk": 58, "fields": {"date": "2026-02-01", "week_no": 5}}, {"model": "pusukids.fecha", "pk": 59, "fields": {"date": "2026-02-08", "week_no": 6}}, {"model": "pusukids.fecha", "pk": 60, "fields": {"date": "2026-02-15", "week_no": 7}}, {"model": "pusukids.fecha", "pk": 61, "fields": {"date": "2026-02-22", "week_no": 8}}, {"model": "pusukids.fecha", "pk": 62, "fields": {"date": "2026-03-01", "week_no": 9}}, {"model": "pusukids.fecha", "pk": 63, "fields": {"date": "2026-03-08", "week_no": 10}}, {"model": "pusukids.fecha", "pk": 64, "fields": {"date": "2026-03-15", "week_no": 11}}, {"model": "pusukids.fecha", "pk": 65, "fields": {"date": "2026-03-22", "week_no": 12}}, {"model": "pusukids.fecha", "pk": 66, "fields": {"date": "2026-03-29", "week_no": 13}}, {"model": "pusukids.fecha", "pk": 67, "fields": {"date": "2026-04-05", "week_no": 14}}, {"model": "pusukids.fecha", "pk": 68, "fields": {"date": "2026-04-12", "week_no": 15}}, {"model": "pusukids.fecha", "pk": 69, "fields": {"date": "2026-04-19", "week_no": 16}}, {"model": "pusukids.fecha", "pk": 70, "fields": {"date": "2026-04-26", "week_no": 17}}, {"model": "pusukids.fecha", "pk": 71, "fields": {"date": "2026-05-03", "week_no": 18}}, {"model": "pusukids.fecha", "pk": 72, "fields": {"date": "2026-05-10", "week_no": 19}}, {"model": "pusukids.fecha", "pk": 73, "fields": {"date": "2026-05-17", "week_no": 20}}, {"model": "pusukids.fecha", "pk": 74, "fields": {"date": "2026-05-24", "week_no": 21}}, {"model": "pusukids.fecha", "pk": 75, "fields": {"date": "2026-05-31", "week_no": 22}}, {"model": "pusukids.fecha", "pk": 76, "fields": {"date": "2026-06-07", "week_no": 23}}, {"model": "pusukids.fecha", "pk": 77, "fields": {"date": "2026-06-14", "week_no": 24}}, {"model": "pusukids.fecha", "pk": 78, "fields": {"date": "2026-06-21", "week_no": 25}}, {"model": "pusukids.fecha", "pk": 79, "fields": {"date": "2026-06-28", "week_no": 26}}, {"model": "pusukids.fecha", "pk": 80, "fields": {"date": "2026-07-05", "week_no": 27}}, {"model": "pusukids.fecha", "pk": 81, "fields": {"date": "2026-07-12", "week_no": 28}}, {"model": "pusukids.fecha", "pk": 82, "fields": {"date": "2026-07-19", "week_no": 29}}, {"model": "pusukids.fecha", "pk": 83, "fields": {"date": "2026-07-26", "week_no": 30}}, {"model": "pusukids.fecha", "pk": 84, "fields": {"date": "2026-08-02", "week_no": 31}}, {"model": "pusukids.fecha", "pk": 85, "fields": {"date": "2026-08-09", "week_no": 32}}, {"model": "pusukids.fecha", "pk": 86, "fields": {"date": "2026-08-16", "week_no": 33}}, {"model": "pusukids.fecha", "pk": 87, "fields": {"date": "2026-08-23", "week_no": 34}}, {"model": "pusukids.fecha", "pk": 88, "fields": {"date": "2026-08-30", "week_no": 35}}, {"model": "pusukids.fecha", "pk": 89, "fields": {"date": "2026-09-06", "week_no": 36}}, {"model": "pusukids.fecha", "pk": 90, "fields": {"date": "2026-09-13", "week_no": 37}}, {"model": "pusukids.fecha", "pk": 91, "fields": {"date": "2026-09-20", "week_no": 38}}, {"model": "pusukids.fecha", "pk": 92, "fields": {"date": "2026-09-27", "week_no": 39}}, {"model": "pusukids.fecha", "pk": 93, "fields": {"date": "2026-10-04", "week_no": 40}}, {"model": "pusukids.fecha", "pk": 94, "fields": {"date": "2026-10-11", "week_no": 41}}, {"model": "pusukids.fecha", "pk": 95, "fields": {"date": "2026-10-18", "week_no": 42}}, {"model": "pusukids.fecha", "pk": 96, "fields": {"date": "2026-10-25", "week_no": 43}}, {"model": "pusukids.fecha", "pk": 97, "fields": {"date": "2026-11-01", "week_no": 44}}, {"model": "pusukids.fecha", "pk": 98, "fields": {"date": "2026-11-08", "week_no": 45}}, {"model": "pusukids.fecha", "pk": 99, "fields": {"date": "2026-11-15", "week_no": 46}}, {"model": "pusukids.fecha", "pk": 100, "fields": {"date": "2026-11-22", "week_no": 47}}, {"model": "pusukids.fecha", "pk": 101, "fields": {"date": "2026-11-29", "week_no": 48}}, {"model": "pusukids.fecha", "pk": 102, "fields": {"date": "2026-12-06", "week_no": 49}}, {"model": "pusukids.fecha", "pk": 103, "fields": {"date": "2026-12-13", "week_no": 50}}, {"model": "pusukids.fecha", "pk": 104, "fields": {"date": "2026-12-20", "week_no": 51}}, {"model": "pusukids.fecha", "pk": 105, "fields": {"date": "2026-12-27", "week_no": 52}}, {"model": "pusukids.fecha", "pk": 106, "fields": {"date": "2027-01-03", "week_no": 53}}, {"model": "pusukids.fecha", "pk": 107, "fields": {"date": "2027-01-10", "week_no": 1}}, {"model": "pusukids.fecha", "pk": 108, "fields": {"date": "2027-01-17", "week_no": 2}}, {"model": "pusukids.fecha", "pk": 109, "fields": {"date": "2027-01-24", "week_no": 3}}, {"model": "pusukids.fecha", "pk": 110, "fields": {"date": "2027-01-31", "week_no": 4}}, {"model": "pusukids.fecha", "pk": 111, "fields": {"date": "2027-02-07", "week_no": 5}}, {"model": "pusukids.fecha", "pk": 112, "fields": {"date": "2027-02-14", "week_no": 6}}, {"model": "pusukids.fecha", "pk": 113, "fields": {"date": "2027-02-21", "week_no": 7}}, {"model": "pusukids.fecha", "pk": 114, "fields": {"date": "2027-02-28", "week_no": 8}}, {"model": "pusukids.fecha", "pk": 115, "fields": {"date": "2027-03-07", "week_no": 9}}, {"model": "pusukids.fecha", "pk": 116, "fields": {"date": "2027-03-14", "week_no": 10}}, {"model": "pusukids.fecha", "pk": 117, "fields": {"date": "2027-03-21", "week_no": 11}}, {"model": "pusukids.fecha", "pk": 118, "fields": {"date": "2027-03-28", "week_no": 12}}, {"model": "pusukids.fecha", "pk": 119, "fields": {"date": "2027-04-04", "week_no": 13}}, {"model": "pusukids.fecha", "pk": 120, "fields": {"date": "2027-04-11", "week_no": 14}}, {"model": "pusukids.fecha", "pk": 121, "fields": {"date": "2027-04-18", "week_no": 15}}, {"model": "pusukids.fecha", "pk": 122, "fields": {"date": "2027-04-25", "week_no": 16}}, {"model": "pusukids.fecha", "pk": 123, "fields": {"date": "2027-05-02", "week_no": 17}}, {"model": "pusukids.fecha", "pk": 124, "fields": {"date": "2027-05-09", "week_no": 18}}, {"model": "pusukids.fecha", "pk": 125, "fields": {"date": "2027-05-16", "week_no": 19}}, {"model": "pusukids.fecha", "pk": 126, "fields": {"date": "2027-05-23", "week_no": 20}}, {"model": "pusukids.fecha", "pk": 127, "fields": {"date": "2027-05-30", "week_no": 21}}, {"model": "pusukids.fecha", "pk": 128, "fields": {"date": "2027-06-06", "week_no": 22}}, {"model": "pusukids.fecha", "pk": 129, "fields": {"date": "2027-06-13", "week_no": 23}}, {"model": "pusukids.fecha", "pk": 130, "fields": {"date": "2027-06-20", "week_no": 24}}, {"model": "pusukids.fecha", "pk": 131, "fields": {"date": "2027-06-27", "week_no": 25}}, {"model": "pusukids.fecha", "pk": 132, "fields": {"date": "2027-07-04", "week_no": 26}}, {"model": "pusukids.fecha", "pk": 133, "fields": {"date": "2027-07-11", "week_no": 27}}, {"model": "pusukids.fecha", "pk": 134, "fields": {"date": "2027-07-18", "week_no": 28}}, {"model": "pusukids.fecha", "pk": 135, "fields": {"date": "2027-07-25", "week_no": 29}}, {"model": "pusukids.fecha", "pk": 136, "fields": {"date": "2027-08-01", "week_no": 30}}, {"model": "pusukids.fecha", "pk": 137, "fields": {"date": "2027-08-08", "week_no": 31}}, {"model": "pusukids.fecha", "pk": 138, "fields": {"date": "2027-08-15", "week_no": 32}}, {"model": "pusukids.fecha", "pk": 139, "fields": {"date": "2027-08-22", "week_no": 33}}, {"model": "pusukids.fecha", "pk": 140, "fields": {"date": "2027-08-29", "week_no": 34}}, {"model": "pusukids.fecha", "pk": 141, "fields": {"date": "2027-09-05", "week_no": 35}}, {"model": "pusukids.fecha", "pk": 142, "fields": {"date": "2027-09-12", "week_no": 36}}, {"model": "pusukids.fecha", "pk": 143, "fields": {"date": "2027-09-19", "week_no": 37}}, {"model": "pusukids.fecha", "pk": 144, "fields": {"date": "2027-09-26", "week_no": 38}}, {"model": "pusukids.fecha", "pk": 145, "fields": {"date": "2027-10-03", "week_no": 39}}, {"model": "pusukids.fecha", "pk": 146, "fields": {"date": "2027-10-10", "week_no": 40}}, {"model": "pusukids.fecha", "pk": 147, "fields": {"date": "2027-10-17", "week_no": 41}}, {"model": "pusukids.fecha", "pk": 148, "fields": {"date": "2027-10-24", "week_no": 42}}, {"model": "pusukids.fecha", "pk": 149, "fields": {"date": "2027-10-31", "week_no": 43}}, {"model": "pusukids.fecha", "pk": 150, "fields": {"date": "2027-11-07", "week_no": 44}}, {"model": "pusukids.fecha", "pk": 151, "fields": {"date": "2027-11-14", "week_no": 45}}, {"model": "pusukids.fecha", "pk": 152, "fields": {"date": "2027-11-21", "week_no": 46}}, {"model": "pusukids.fecha", "pk": 153, "fields": {"date": "2027-11-28", "week_no": 47}}, {"model": "pusukids.fecha", "pk": 154, "fields": {"date": "2027-12-05", "week_no": 48}}, {"model": "pusukids.fecha", "pk": 155, "fields": {"date": "2027-12-12", "week_no": 49}}, {"model": "pusukids.fecha", "pk": 156, "fields": {"date": "2027-12-19", "week_no": 50}}, {"model": "pusukids.fecha", "pk": 157, "fields": {"date": "2027-12-26", "week_no": 51}}, {"model": "pusukids.fecha", "pk": 158, "fields": {"date": "2028-01-02", "week_no": 52}}, {"model": "pusukids.fecha", "pk": 159, "fields": {"date": "2028-01-09", "week_no": 1}}, {"model": "pusukids.fecha", "pk": 160, "fields": {"date": "2028-01-16", "week_no": 2}}, {"model": "pusukids.fecha", "pk": 161, "fields": {"date": "2028-01-23", "week_no": 3}}, {"model": "pusukids.fecha", "pk": 162, "fields": {"date": "2028-01-30", "week_no": 4}}, {"model": "pusukids.assistance", "pk": 1, "fields": {"child": 2, "date": 15, "group": 2, "coordinator": 2, "attended": true}}, {"model": "pusukids.assistance", "pk": 2, "fields": {"child": 2, "date": 17, "group": 2, "coordinator": 2, "attended": true}}, {"model": "pusukids.weekinfo", "pk": 1, "fields": {"total_kids": 0, "total_servers": 0, "money_collected": 0.0, "fecha": 19, "coordinator": 1, "group": 1}}, {"model": "pusukids.expense", "pk": 1, "fields": {"description": "TEST", "amount": 0.0, "fecha": 19, "reference": "9999999999", "transdate": "2025-05-05"}}, {"model": "pusukids.groupcoordinator", "pk": 1, "fields": {"group": 1, "coordinator": 1}}, {"model": "pusukids.groupcoordinator", "pk": 2, "fields": {"group": 2, "coordinator": 2}}]
